order_date_VL,sales_per_day_VL,order_volume_VL,profit_per_day_VL,month_year_VL,item_qty_per_day_VL,avg_discount_per_day_VL,avg_product_price_per_day_VL
2015-01-01,28958.73038144,57,4361.270028604,2015-01,353,0.11487951891566266,136.66885900325903
2015-01-02,25948.82022513,52,1162.7299825059997,2015-01,341,0.09966442976510068,124.1695334194631
2015-01-03,32859.30034066,60,5366.600017398,2015-01,392,0.09240223522346369,136.98240554363687
2015-01-04,31869.500330073,62,5630.989988706,2015-01,410,0.10424083817277487,123.62267312781152
2015-01-05,27533.05021462,57,3088.100045796,2015-01,373,0.11387500043750001,121.2568155679375
2015-01-06,30075.16036253,58,723.9700580119999,2015-01,368,0.10171597685798818,133.2424292401775
2015-01-07,29933.4104233,55,3927.0600387189997,2015-01,350,0.08863354060869566,137.97577994608696
2015-01-08,33399.1504636,64,2756.230010224,2015-01,381,0.09621052693684211,142.27284601563156
2015-01-09,22600.70020298,48,3717.870010219,2015-01,294,0.10540322655645162,129.91645493419355
2015-01-10,33064.24044065,63,4182.669986199,2015-01,379,0.10028248628248587,139.31610521615818
2015-01-11,28672.84033581,53,3851.7799419539997,2015-01,324,0.0912258068967742,148.3234876121355
2015-01-12,36639.57037979,63,5355.489998099,2015-01,493,0.1030808085,125.82217471131312
2015-01-13,32368.78031033,56,2567.809976782,2015-01,397,0.0964161855433526,135.41630406855492
2015-01-14,26382.57024205,55,3093.169987293,2015-01,361,0.11410256503846153,120.00186185660256
2015-01-15,28982.34038193,53,2940.349944718,2015-01,367,0.0990116281511628,130.0637824961628
2015-01-16,29172.60029619,58,2992.8599718600003,2015-01,379,0.09888235336470588,124.5182972437647
2015-01-17,27509.81032746,57,3054.019969073,2015-01,349,0.09581250049375,127.707128361625
2015-01-18,30204.60032054,52,4455.140030652,2015-01,391,0.09154321017901235,127.22901555401234
2015-01-19,30097.09032296,52,4788.660038896,2015-01,346,0.10176829337804878,141.64640609640244
2015-01-20,28924.73033536,55,3572.060025149,2015-01,365,0.0987804881402439,126.84823470323171
2015-01-21,32929.03040347,60,1882.540000587,2015-01,413,0.11653846223076923,135.81187149038462
2015-01-22,34778.73037764,58,3279.71000075,2015-01,445,0.09670270332972973,133.4747060555135
2015-01-23,30748.87039764,55,3729.410005878,2015-01,388,0.10029069791860465,131.9704101619186
2015-01-24,27144.81031767,54,1148.689974126,2015-01,359,0.09632911437341772,125.59626910417722
2015-01-25,29878.65031845,58,4360.779995904,2015-01,365,0.0928484853939394,131.59406364073334
2015-01-26,30971.7003021,62,4490.080009922,2015-01,403,0.1074860341396648,122.0044720321285
2015-01-27,30696.15043092,55,1468.890041323,2015-01,387,0.09970930278488373,130.3490148624535
2015-01-28,28289.12025255,57,4403.320032638,2015-01,353,0.10358823572352942,125.97117977511765
2015-01-29,29174.90025818,54,3562.740030762,2015-01,377,0.10380952444642857,128.66768176572023
2015-01-30,29405.840325302,57,5091.680004223,2015-01,335,0.1028220864601227,141.9514146974908
2015-01-31,31521.12036648,57,3844.060005962,2015-01,398,0.10809782658152174,123.23364438521739
2015-02-01,27634.500392859998,51,3477.970042506,2015-02,348,0.09493975952409638,128.65861781633131
2015-02-02,28497.20033458,57,4493.659988287,2015-02,327,0.09562500046875,138.9010036987625
2015-02-03,29177.170241623,54,3936.329974914,2015-02,348,0.10687116633128835,138.74202828153986
2015-02-04,25205.26023237,51,4908.51998136,2015-02,332,0.11045161327741934,122.55600324187095
2015-02-05,28333.66030863,58,3105.230025114,2015-02,358,0.10153846211242604,126.61509209497041
2015-02-06,30734.78038046,60,4417.490052602,2015-02,374,0.09441860489534885,131.59296852313952
2015-02-07,29417.60023291,56,4012.609988167,2015-02,405,0.113068182625,118.60818485029544
2015-02-08,26613.67030618,56,3871.1299948719998,2015-02,339,0.10073619653374234,123.71331614295093
2015-02-09,29564.29029478,51,3350.289947135,2015-02,387,0.099595376,121.45069672804047
2015-02-10,33094.85047756,55,-188.87992751200002,2015-02,381,0.09972677646994536,145.81284543257377
2015-02-11,24828.1202564,56,3640.4699795359998,2015-02,334,0.09074324377702703,115.97608410682433
2015-02-12,22298.980306639998,51,2511.779992886,2015-02,276,0.1072519091221374,133.07191182290077
2015-02-13,33281.31035078,57,2890.800001095,2015-02,402,0.10651162837209302,140.37831731552325
2015-02-14,24507.36026211,55,3125.830034724,2015-02,279,0.0900000002027972,137.4430104674825
2015-02-15,34065.5704251,62,3831.120032106,2015-02,431,0.10906077429834254,135.904865490221
2015-02-16,30930.28036494,56,4046.650000212,2015-02,385,0.09773255865697673,130.2383752569186
2015-02-17,28927.20030978,54,3002.779986444,2015-02,351,0.11140243957317073,136.3907351881707
2015-02-18,29161.27026997,50,3879.440023123,2015-02,368,0.09464968195541401,125.47312407617834
2015-02-19,30173.28027734,56,3580.929990711,2015-02,422,0.1066071434702381,117.7391696463095
2015-02-20,28592.31031427,56,2279.640027749,2015-02,343,0.10285714359006212,137.19329554807453
2015-02-21,34343.18036881,55,4820.489987874,2015-02,418,0.10464088422651935,136.231163629337
2015-02-22,27376.60025906,53,3324.739965931,2015-02,376,0.09804878110365853,121.23286888409146
2015-02-23,31845.30039617,53,4510.560025589,2015-02,377,0.10176829310365854,140.67744255464024
2015-02-24,29865.68033797,58,1943.7400303619997,2015-02,360,0.10321212173333334,138.92848845230907
2015-02-25,27991.4003458,57,3281.809988433,2015-02,385,0.1001840496380368,118.2033773819632
2015-02-26,31244.73042705,56,4380.950024629,2015-02,376,0.09546511684302325,140.5635501880814
2015-02-27,25532.57032596,54,3152.570020784,2015-02,328,0.10416107416107383,127.23664762879866
2015-02-28,28018.45018755,56,2002.6599916320001,2015-02,347,0.10437125808383234,128.55162020173654
2015-03-01,34271.00042323,59,4445.120019032,2015-03,457,0.10520202055050505,126.40252849666666
2015-03-02,32533.05037905,58,2281.57001145,2015-03,425,0.09850267434759358,131.5817682132139
2015-03-03,28882.19035192,60,1668.490068544,2015-03,396,0.09973118318817203,119.31742242930108
2015-03-04,32272.62033089,58,2035.349991464,2015-03,403,0.09360655775956285,130.08126011153553
2015-03-05,28742.38030848,51,4829.209999398,2015-03,359,0.10666666732121212,129.34588188739394
2015-03-06,29057.810413619998,56,2297.4200097049998,2015-03,362,0.10751515186060606,133.80006395188482
2015-03-07,31265.43030732,64,3597.350025705,2015-03,409,0.10838888948888889,127.03205867677777
2015-03-08,31290.9403974,53,3882.320049416,2015-03,403,0.10112426089940829,130.37881977952662
2015-03-09,31200.1103769,59,4342.89999534,2015-03,402,0.09224719135393258,123.80371083360113
2015-03-10,31794.35041748,55,3157.080023114,2015-03,369,0.09265432151234568,136.88963320629628
2015-03-11,23530.90022444,52,1466.1499800309998,2015-03,301,0.10389705944117647,123.5398560305147
2015-03-12,29853.96033103,57,3114.78006302,2015-03,365,0.12432748629239766,137.08672855146784
2015-03-13,28669.2503897,54,2906.930091079,2015-03,357,0.09712574878443113,130.51581199282035
2015-03-14,34783.03028507,59,4384.790000587,2015-03,439,0.09967391353804347,127.85201382951087
2015-03-15,25910.33024963,57,1279.7699872550002,2015-03,327,0.10737931088965517,132.62303780234484
2015-03-16,29133.95029845,53,4596.330013334,2015-03,346,0.09308176139622641,132.29692142767294
2015-03-17,29937.11033334,57,4414.810029778,2015-03,377,0.09963636405454546,128.67957885387878
2015-03-18,29630.79038919,54,4089.760022413,2015-03,367,0.10388888917283949,136.64259611925925
2015-03-19,31123.22029521,59,4736.419999725,2015-03,402,0.10274725326923077,126.47148639857143
2015-03-20,24778.850307811,48,-572.290028772,2015-03,298,0.09992907870212767,131.413762116461
2015-03-21,29099.61038986,57,5644.890026632,2015-03,370,0.10694117699411765,131.7760622623588
2015-03-22,29009.33032434,55,4686.920011999,2015-03,405,0.10024096411445783,116.39289438024095
2015-03-23,25492.920234492,58,5692.140000881,2015-03,336,0.09414012793630573,118.36446150103184
2015-03-24,27387.09032474,53,4015.879962949,2015-03,366,0.1056329117341772,122.94424337379748
2015-03-25,27148.19016617,56,2237.72998672,2015-03,366,0.09892405120253164,117.6214585757595
2015-03-26,28972.14028663,53,1953.3899998059999,2015-03,370,0.09573248456687898,129.14057651802548
2015-03-27,27143.05031577,54,3730.55001967,2015-03,326,0.10826666729333333,142.85460352973334
2015-03-28,29593.58024995,55,5022.879940854,2015-03,418,0.11806818249431818,119.67091219335227
2015-03-29,34408.67044659,61,4871.439995344,2015-03,393,0.09250000046276596,145.4460142968617
2015-03-30,35155.54043215,59,4861.439926718,2015-03,476,0.10529703020792079,120.73119142163367
2015-03-31,33937.45039564,58,4317.959984037,2015-03,414,0.09644444488888888,134.61083678528334
2015-04-01,33059.45038515,57,2903.310013552,2015-04,378,0.10686486532972973,142.93924724935675
2015-04-02,27659.37028345,52,3603.590013935,2015-04,350,0.09411392457594937,129.60190208418354
2015-04-03,32436.2303639,58,2034.119994998,2015-04,412,0.09161111160555555,129.38283658916666
2015-04-04,29257.44028567,55,4844.360017795,2015-04,337,0.10750000048170731,142.73280860585365
2015-04-05,24461.99029908,50,2685.010008408,2015-04,337,0.10189189269594595,117.84000312013514
2015-04-06,25160.06024183,48,2824.320028615,2015-04,309,0.11191489407801418,136.32886881588652
2015-04-07,29905.74032239,60,2109.740009102,2015-04,376,0.10491329512716763,131.25480095450868
2015-04-08,30109.29034083,56,3800.179972598,2015-04,341,0.09570588286470588,140.4532977875294
2015-04-09,32149.17041793,60,3142.070021189,2015-04,384,0.09768361639548023,137.08435390903955
2015-04-10,34037.94040661,58,4817.620007425,2015-04,441,0.10635897506666667,127.72743921897437
2015-04-11,31561.70028507,57,2940.159997696,2015-04,378,0.08936046541860465,135.31930573418606
2015-04-12,31987.83039082,57,4666.829968151,2015-04,385,0.10965714354285715,140.08006084320002
2015-04-13,27761.58043097,54,3203.560021412,2015-04,351,0.11448718009615384,134.0837855255128
2015-04-14,29806.84023109,58,4118.8199987650005,2015-04,390,0.1001197607245509,123.06018252880239
2015-04-15,28240.35020847,55,4694.190029719,2015-04,382,0.09433962324528303,121.23377643145912
2015-04-16,31310.93034784,55,2441.510053128,2015-04,388,0.10923913113043479,130.97250326146738
2015-04-17,33063.94028287,59,4388.069964021,2015-04,429,0.10543956082967033,131.02753085214286
2015-04-18,23985.400250045,50,2775.749986598,2015-04,310,0.0908843538707483,116.31571719429932
2015-04-19,38023.6905673,59,2544.689980694,2015-04,436,0.0955276386683417,144.8675414372412
2015-04-20,29071.19031974,57,4772.310011973,2015-04,340,0.10837349471084338,136.07205161506025
2015-04-21,22480.79023727,51,842.9299917980001,2015-04,270,0.09732824486259542,130.11122462221374
2015-04-22,29361.76028105,60,3207.759977498,2015-04,364,0.10988095285119048,131.18476510399404
2015-04-23,25327.52018972,54,4866.579965996,2015-04,328,0.10719178140410959,128.52315406658906
2015-04-24,30288.8503687,57,5364.129992986,2015-04,357,0.09870588274705883,137.67076811329412
2015-04-25,28333.31040809,54,4146.590009598,2015-04,371,0.08130718973202615,129.65425167568628
2015-04-26,29699.2802658,56,3283.350015639,2015-04,378,0.12313253076506024,131.39199114771083
2015-04-27,29615.27044574,55,4239.729960594,2015-04,363,0.09911242651479289,133.1302402016568
2015-04-28,31620.54048137,54,3394.900029566,2015-04,329,0.07907894749342105,161.36908313328945
2015-04-29,31305.92035527,59,4759.270000009,2015-04,406,0.09662983465745857,127.55806963331491
2015-04-30,28323.82024195,56,1606.239937656,2015-04,374,0.11405882422941176,127.7417093540706
2015-05-01,31287.65038132,57,3933.140017188,2015-05,389,0.11453488420348837,133.47785205982558
2015-05-02,30661.53035754,58,3998.299933917,2015-05,382,0.1004761911607143,130.7204196598869
2015-05-03,29091.57026668,54,3819.610025566,2015-05,370,0.09536585392073171,122.73268595305487
2015-05-04,27620.8803292,55,2670.0100004299998,2015-05,357,0.10329113980379748,124.09050918843037
2015-05-05,25812.95024658,53,3575.190019314,2015-05,343,0.07960784353594771,117.75261735921569
2015-05-06,27230.22022982,57,4501.820002493,2015-05,361,0.10159763352662722,120.85810961864497
2015-05-07,33101.44032865,61,1891.620035612,2015-05,421,0.10629834300552488,128.71210253508286
2015-05-08,30205.25030751,55,5674.600038884,2015-05,374,0.10678787930909092,127.23618475327272
2015-05-09,31882.28038035,58,3455.800017525,2015-05,402,0.09423913091847826,126.23353562479349
2015-05-10,23953.59027501,54,2962.779994592,2015-05,327,0.10425531959574469,122.18730772596454
2015-05-11,29304.61024301,54,1458.149975912,2015-05,368,0.11592592680864197,133.62957125901852
2015-05-12,26147.60032286,53,2402.240010254,2015-05,314,0.09422077962987013,132.31260079597402
2015-05-13,31533.19029992,55,3354.500052969,2015-05,400,0.10194444505,129.2336141938389
2015-05-14,34254.10038572,54,3021.109942667,2015-05,454,0.10331550828342247,125.07417426224599
2015-05-15,28729.78028852,56,3749.319990474,2015-05,366,0.0852173916583851,125.92652476385094
2015-05-16,26177.74025937,52,2828.880013898,2015-05,333,0.09582781498675497,128.97477149059603
2015-05-17,28997.6203158,52,3960.260019445,2015-05,376,0.11317365347305389,126.0244942775449
2015-05-18,32521.64033715,57,2980.560031185,2015-05,419,0.10042553221276596,123.31276892920745
2015-05-19,33000.71037529,61,3365.959954223,2015-05,403,0.09759358345454547,134.67839919700535
2015-05-20,29547.49036802,59,3665.700050282,2015-05,350,0.10567073254268292,137.6898206775
2015-05-21,27120.140262419998,59,2725.339997577,2015-05,350,0.09006622542384106,128.8021225492053
2015-05-22,27535.5001848,54,3269.56991071,2015-05,376,0.10849711042196532,118.02300868041041
2015-05-23,28901.67025715,51,4479.509995901,2015-05,366,0.09173333360666666,124.60233618726666
2015-05-24,27743.95031231,54,-156.72994762899992,2015-05,347,0.11216560557961783,130.62013055465607
2015-05-25,31629.07030329,60,4621.650006426,2015-05,393,0.09465240680213904,130.37380007738503
2015-05-26,28370.84036273,57,5405.079954029,2015-05,368,0.08634146367682927,118.04408823884755
2015-05-27,30989.6903761,57,3461.640013765,2015-05,367,0.10363095299404763,137.9055988034524
2015-05-28,28916.4202365,53,4016.7200444329997,2015-05,383,0.11421383706289309,127.15214109408805
2015-05-29,33956.22033347,60,5705.220033195,2015-05,412,0.09691099531413612,130.63314473198952
2015-05-30,36612.640508489996,57,6043.500050841,2015-05,419,0.1011881192128713,145.32980578450494
2015-05-31,26957.79021684,57,2887.569961918,2015-05,346,0.10618181876363636,126.10297297055152
2015-06-01,34236.03035707,61,4521.650059107,2015-06,412,0.09298913085326087,131.51576405336957
2015-06-02,32647.22037359,58,2563.15001714,2015-06,398,0.10335164892307692,134.73626698868682
2015-06-03,29414.20043334,58,2905.619994193,2015-06,397,0.11250000045,122.88156559800625
2015-06-04,30275.930168621,55,7366.539985449,2015-06,400,0.09680232612790697,119.25011919023837
2015-06-05,24912.43021169,50,4049.81000799,2015-06,320,0.10176870793877552,123.73027509898638
2015-06-06,30836.63044582,54,2278.159995085,2015-06,346,0.0929447857607362,142.8960770721595
2015-06-07,29103.27033403,53,2969.319989093,2015-06,355,0.10479041959281436,131.77287778281436
2015-06-08,36012.78023512,59,4130.239966414,2015-06,444,0.11010000078500001,131.76810332665
2015-06-09,28910.55032179,53,3466.459999157,2015-06,302,0.10402515784905661,155.68572739408805
2015-06-10,29786.82036618,58,2561.5100071889997,2015-06,340,0.10515151553939393,138.82521558054543
2015-06-11,27660.43035895,53,5502.040011646,2015-06,314,0.10197183166901408,148.3892997599296
2015-06-12,25750.54032236,56,2731.050044898,2015-06,312,0.11315068519178081,137.17322275486984
2015-06-13,31727.55035,58,3485.8400704819996,2015-06,344,0.09373563253448276,143.44207247764368
2015-06-14,28703.91029714,61,5021.410019314,2015-06,379,0.08977142923428572,118.7150885804
2015-06-15,28824.76025412,56,4243.060018862,2015-06,393,0.11450292477192982,118.04696199385965
2015-06-16,32091.30039,60,2206.06005839,2015-06,404,0.09868852492896175,132.1521892795082
2015-06-17,29749.64028941,56,3429.7800147059997,2015-06,376,0.09116959110526315,127.98877519
2015-06-18,25823.66026699,55,4294.529997069,2015-06,351,0.10361842175657894,119.75822646032894
2015-06-19,29704.12036505,54,2223.990034639,2015-06,364,0.10494047679166667,134.5893485582738
2015-06-20,32382.78034806,60,2323.860001767,2015-06,400,0.10342541475690609,132.8336497602265
2015-06-21,31494.92038801,57,3894.279968454,2015-06,387,0.1052760740981595,134.9023959307362
2015-06-22,29199.61034421,56,2620.300042606,2015-06,351,0.08962732961490683,136.3183885815528
2015-06-23,27413.52032083,55,4138.180003283,2015-06,333,0.10700000049333333,141.1879370286
2015-06-24,27720.45036323,52,1709.1600652709997,2015-06,335,0.10417721582911392,133.67905407101898
2015-06-25,32878.750469,57,2807.200014791,2015-06,355,0.10747191092134832,149.90410510533707
2015-06-26,28894.43043562,57,4014.159978288,2015-06,361,0.09364779896226415,134.2024560520126
2015-06-27,31115.00026543,58,3054.369955347,2015-06,357,0.106363637,141.13333674721213
2015-06-28,25518.02021797,53,3219.200053206,2015-06,360,0.09980769275000001,110.86718226999999
2015-06-29,32521.14029746,55,4875.909978577,2015-06,390,0.10344632815254239,139.13446697282487
2015-06-30,37698.690456172,64,4486.729950464,2015-06,438,0.0959808616124402,141.27502765804783
2015-07-01,29996.21027008,51,3800.670024043,2015-07,390,0.09969135864197531,125.62438573104939
2015-07-02,31896.75038336,61,3415.040020031,2015-07,402,0.10356756814054055,128.2913005142703
2015-07-03,33426.3703723,55,4441.769999312,2015-07,422,0.10674157350561797,131.4262954233708
2015-07-04,28766.53038413,57,2936.519987306,2015-07,336,0.09400000042580646,141.04000341735482
2015-07-05,31138.20025675,55,3840.729961105,2015-07,398,0.10568862333532934,129.61712890101796
2015-07-06,27727.27040882,55,5155.080028661,2015-07,326,0.10251612936774193,141.31671343580646
2015-07-07,32117.47042291,56,320.8099930949999,2015-07,370,0.09965116317441859,143.96482934936046
2015-07-08,27733.900263110998,56,3566.800028437,2015-07,377,0.09706586867065868,118.94766759910779
2015-07-09,29832.710315983,58,2853.430030266,2015-07,414,0.10000000066480448,115.21787990039664
2015-07-10,31227.23030457,57,6214.189991353,2015-07,397,0.1027745670231214,131.17896289867053
2015-07-11,32432.17038819,54,3514.989977577,2015-07,376,0.10305882392941178,145.60553321147057
2015-07-12,30274.77026589,59,4640.510046868,2015-07,366,0.10937500042613636,133.49392386295455
2015-07-13,25253.29030426,56,3595.679997782,2015-07,335,0.09546012311042945,118.03797863804294
2015-07-14,38922.050499259996,63,6422.629996067,2015-07,488,0.09339805862135923,133.98893541883496
2015-07-15,29179.77026204,55,2572.799919987,2015-07,434,0.10651428644000001,112.26354560057713
2015-07-16,30810.6703729,61,4172.769971895,2015-07,361,0.10475138177900552,134.5082908692265
2015-07-17,29296.2502943,56,1491.810008551,2015-07,364,0.10704819322891565,132.71819602228916
2015-07-18,28664.70030757,56,4827.959966685,2015-07,371,0.10175757636969697,122.07988163648486
2015-07-19,30123.48030248,55,6472.699966033,2015-07,365,0.09109826621387283,129.1560727084971
2015-07-20,27584.09029784,51,3770.109955991,2015-07,324,0.11941176548366013,140.57647421254902
2015-07-21,31009.63019988,61,3954.550068962,2015-07,416,0.10102150576881722,121.88064826768817
2015-07-22,24453.23039052,54,2512.2600277349998,2015-07,303,0.09779411822794118,134.45882723330882
2015-07-23,27047.1003151,56,2522.319947343,2015-07,341,0.09039735150993378,129.6098708763576
2015-07-24,27280.8502844,55,2424.309991441,2015-07,353,0.1051515158909091,123.46188201109089
2015-07-25,27706.14029099,56,2735.849972457,2015-07,362,0.10505814008139536,123.56418918244185
2015-07-26,31508.77045053,55,3015.1599846,2015-07,419,0.0958011052044199,123.22061092243646
2015-07-27,25336.15019987,52,4002.450009563,2015-07,373,0.10384105998013246,111.70463814888079
2015-07-28,32893.260301559996,61,4267.910006014,2015-07,411,0.10104712104712042,128.38675718020943
2015-07-29,28739.8602984,57,2067.420044459,2015-07,350,0.10937106980503146,137.79975202955973
2015-07-30,28573.830397,53,3592.259953796,2015-07,360,0.09880794755629138,135.2270231472914
2015-07-31,29340.29034443,50,4412.519992273,2015-07,343,0.09728395083333334,138.93265797592593
2015-08-01,27048.49029552,58,2171.540014525,2015-08,328,0.10118750065,131.7065658964375
2015-08-02,33325.6204396,58,5471.61002108,2015-08,382,0.10644808798360657,143.96060489607103
2015-08-03,30292.2703832,56,3789.930035285,2015-08,381,0.09529411803529413,128.90017963082352
2015-08-04,31719.40038702,60,5899.410044179,2015-08,390,0.0993370170441989,135.25326337232045
2015-08-05,29258.12028085,61,2356.849979605,2015-08,400,0.1180319155531915,116.88276887766489
2015-08-06,30754.23028625,59,1629.2500623629999,2015-08,344,0.10177514836686391,143.75751859207102
2015-08-07,30764.94033457,57,6285.469968619,2015-08,410,0.0991011239494382,121.85393569516853
2015-08-08,21787.41027439,49,4418.300022278,2015-08,295,0.09582089591791046,115.98843556305971
2015-08-09,25278.51022166,52,2321.950006678,2015-08,329,0.09980132509271523,119.20742039052979
2015-08-10,31210.16030903,59,7178.750032996,2015-08,386,0.10347058888235296,133.22935636565293
2015-08-11,26249.71023559,57,3519.959962463,2015-08,348,0.10051612947096775,122.4340677235484
2015-08-12,30043.480395612,52,4923.499997165,2015-08,390,0.10682081006358382,129.2430093066532
2015-08-13,27781.73030476,50,3839.689985289,2015-08,366,0.11467948774358974,128.02718272935897
2015-08-14,27451.67029202,52,2679.499987492,2015-08,333,0.10058064572903226,127.40871280896775
2015-08-15,30009.52046982,60,3586.839955913,2015-08,373,0.1104597708505747,133.04075075983332
2015-08-16,30925.19042245,58,3931.590010367,2015-08,377,0.08904761911904761,132.20315795071429
2015-08-17,32700.100294249998,58,6925.930010762,2015-08,388,0.09361111153888889,137.19928123011667
2015-08-18,25038.61019505,48,2064.799991118,2015-08,340,0.10034246645205479,116.81109876815069
2015-08-19,29186.52034014,53,2884.609988579,2015-08,371,0.10628742560479042,127.75018286928143
2015-08-20,27518.57035463,56,1349.530083974,2015-08,307,0.10387755144897959,148.9404120197279
2015-08-21,31154.9604378,59,5449.709954858,2015-08,374,0.10000000082248521,138.14810983473373
2015-08-22,32296.88050688,58,3819.829994912,2015-08,370,0.10011764741764706,142.9469449928294
2015-08-23,26913.93026655,56,3823.0600331709998,2015-08,331,0.10918239059119497,129.66861953132076
2015-08-24,21969.490207759998,48,4016.640030219,2015-08,277,0.10214285760317461,126.59214612023808
2015-08-25,33622.28048336,60,2974.58999991,2015-08,393,0.09416243699492387,138.5767551214264
2015-08-26,25269.0902387,49,3264.499992033,2015-08,332,0.09675324729220779,122.9498732464935
2015-08-27,26501.4502319,55,4369.77998726,2015-08,386,0.10725000066875001,112.0771278054375
2015-08-28,32098.62041306,58,2630.2800428819996,2015-08,451,0.10227272778977273,117.30244602170454
2015-08-29,33653.33032007,56,3343.630040409,2015-08,412,0.10863388036065574,138.42546795885247
2015-08-30,30614.32037009,56,1410.7700208729998,2015-08,363,0.09388571470857142,133.7597175961714
2015-08-31,31122.84037675,51,4691.379989603,2015-08,403,0.09693641669942196,125.0465928152023
2015-09-01,30730.99030882,50,6166.4500300909995,2015-09,369,0.1033540377204969,139.63994134372672
2015-09-02,30478.63034452,59,2893.580017447,2015-09,329,0.10378531124858757,142.99932583740113
2015-09-03,30655.790372481,57,4753.639991657,2015-09,373,0.09962732945962732,143.84553172857764
2015-09-04,35406.90056622,61,5972.549972165,2015-09,365,0.09774193592473118,159.6915635601075
2015-09-05,32088.47039445,61,2644.9000014460003,2015-09,374,0.10352272788636364,144.147049355625
2015-09-06,32633.940252289998,61,3132.889921404,2015-09,444,0.10021052695263157,121.29931871833156
2015-09-07,26732.88028891,49,2329.380022853,2015-09,334,0.10664473748684211,133.02783243671053
2015-09-08,29123.61045628,54,4674.930023095,2015-09,350,0.10542168707228916,128.47614788512047
2015-09-09,28639.25030519,56,2464.299993357,2015-09,343,0.10503030366060606,134.70345777230304
2015-09-10,26220.33023105,51,3669.9100445139998,2015-09,299,0.10034965072027972,143.91797564986712
2015-09-11,27448.750223080002,61,4796.030012631,2015-09,390,0.11239521028742515,113.25910457754492
2015-09-12,31002.01030863,55,5081.129996708,2015-09,414,0.10553672362146892,124.91463601203955
2015-09-13,29575.58040106,61,4743.10001675,2015-09,373,0.07976744212790698,124.29064278627907
2015-09-14,29681.17023089,53,4031.529973695,2015-09,394,0.09904191676047905,122.59335625562875
2015-09-15,27787.180376,54,2807.990010569,2015-09,328,0.11500000091216216,144.56851732837836
2015-09-16,29431.31021744,55,4566.849998403,2015-09,421,0.11382513715846994,109.38705173606556
2015-09-17,27087.790328889998,55,4025.440006365,2015-09,331,0.09560509586624204,133.17968515942673
2015-09-18,29513.540338759998,56,2098.949990257,2015-09,399,0.11235294154705883,123.54717943847648
2015-09-19,28750.06027251,58,2846.33001152,2015-09,368,0.09139393981818182,124.18242741557576
2015-09-20,30792.520301963,56,6004.489987125,2015-09,379,0.10212290559776535,133.09978000665365
2015-09-21,30023.56038122,55,4952.419976761,2015-09,378,0.10783625792397661,131.0593600282456
2015-09-22,30638.5203322,54,4221.189989938,2015-09,412,0.09730994208187135,124.65526635818713
2015-09-23,32112.39039423,54,3150.140050275,2015-09,432,0.08983146097752809,120.62404789337079
2015-09-24,29466.180293049998,56,1696.3800155689999,2015-09,377,0.11220858970552149,130.31423638128834
2015-09-25,27516.230172479998,57,2856.910001635,2015-09,348,0.10475308698765431,125.15531185883331
2015-09-26,30604.79037508,56,3432.500024181,2015-09,380,0.0931288345214724,133.93319369049078
2015-09-27,33158.96043029,58,4538.400009488,2015-09,407,0.10169398965027324,131.56213462678141
2015-09-28,30104.9903955,53,4514.240001413,2015-09,347,0.10807228975903614,143.19325672710843
2015-09-29,28152.43022376,57,-199.989922923,2015-09,320,0.10835526359210527,139.90322737111842
2015-09-30,31575.91038124,52,3209.8799860139998,2015-09,392,0.1005649722259887,131.94847792655932
2015-10-01,34782.4603197,61,638.160020906,2015-10,437,0.09213930397014926,126.29144608208955
2015-10-02,29310.02021351,58,3573.95995804,2015-10,405,0.10924418661046512,115.4545960126744
2015-10-03,32105.43042175,57,3187.2599843469998,2015-10,346,0.09600000052,148.74148967645712
2015-10-04,26013.56039061,53,3415.370062331,2015-10,332,0.10644736892763157,126.6719110925
2015-10-05,26779.24034484,50,3278.939970844,2015-10,344,0.0955862072275862,129.54014110255173
2015-10-06,28651.29022041,56,5854.759998349,2015-10,414,0.1127272733939394,113.88600285
2015-10-07,25573.81032776,52,2282.959959235,2015-10,321,0.09903448304137932,130.45772763351724
2015-10-08,32222.49028935,56,1356.2900381900001,2015-10,402,0.0951351356972973,127.57767896243242
2015-10-09,35593.87041114,60,4781.280040987,2015-10,396,0.10740740785185185,150.99360190962963
2015-10-10,27313.11030405,51,1792.119977035,2015-10,317,0.10758620735172414,145.74655554317243
2015-10-11,30590.27038764,56,4147.089999637,2015-10,399,0.09255813990697674,128.31971249819767
2015-10-12,32133.96044562,54,1898.339973823,2015-10,366,0.0965476195595238,146.07809913041666
2015-10-13,34048.13034661,59,4400.039936345,2015-10,449,0.10417112371657755,125.29358571401069
2015-10-14,27928.51033251,57,-394.0199422609999,2015-10,329,0.10081250019375002,140.17631634919377
2015-10-15,29706.81027807,62,1429.4399497170002,2015-10,368,0.10369047685119048,131.67321740220237
2015-10-16,26048.94025921,54,1483.440096684,2015-10,323,0.09986842133552631,128.50888486026315
2015-10-17,27640.99025031,58,2100.760011523,2015-10,346,0.101062500625,128.0073782360625
2015-10-18,32311.7003266,56,1807.719984941,2015-10,398,0.10851648416483516,134.14786061478023
2015-10-19,29528.09033391,58,3788.280003523,2015-10,374,0.0954437872189349,121.0065709885207
2015-10-20,28046.69021973,49,5587.07998874,2015-10,376,0.09907975513496932,124.06270222883435
2015-10-21,29963.97030873,57,4301.629951721,2015-10,389,0.11295180797590361,125.1996415296988
2015-10-22,24294.86022759,48,4561.200020424,2015-10,310,0.10578231323129253,129.11830261496598
2015-10-23,29305.39036191,53,4793.430022059,2015-10,341,0.09980769290384615,143.10295231314103
2015-10-24,27307.85033843,60,4984.850056008,2015-10,341,0.10629139113245033,131.0210628165629
2015-10-25,27214.860239409998,59,1945.899979399,2015-10,354,0.09612500035,124.09475325706251
2015-10-26,24675.78029261,53,5923.019977753,2015-10,306,0.08888888905555556,123.54430846687501
2015-10-28,32585.39039056,61,1804.730061604,2015-10,400,0.10875000061956522,139.87391680647283
2015-10-29,29153.69032294,55,2796.3200312960003,2015-10,329,0.10769230804733729,142.27816951218935
2015-10-30,31856.590296219998,58,4001.740051926,2015-10,408,0.0928571435,122.58242041505494
2015-10-31,31088.55037541,53,4732.90997595,2015-10,354,0.10280487862804878,142.02994258621953
2015-11-01,27985.62026798,54,1581.450050949,2015-11,353,0.09903846212820512,130.47468295846153
2015-11-02,35516.76048851,55,3125.87996863,2015-11,412,0.10877659623404255,143.78101440617553
2015-11-03,28416.57038882,56,3246.229936883,2015-11,334,0.10285714347204969,141.7519914541056
2015-11-04,34721.03039848,58,4964.249996035,2015-11,425,0.10069892533870967,136.31559486155913
2015-11-05,29724.36025226,55,3985.5799902569997,2015-11,387,0.09843930671098265,125.02907838242776
2015-11-06,32564.45035966,59,5420.379961977,2015-11,385,0.09497237609944752,136.43613614436464
2015-11-07,31130.19050352,56,3931.160019733,2015-11,325,0.09919254724844721,155.093420341559
2015-11-08,29825.540381682,59,4497.069946017,2015-11,375,0.10946107828143713,134.8078479121617
2015-11-09,32928.45041125,59,3372.480047078,2015-11,384,0.11112903288709677,143.26758439478493
2015-11-10,20402.9301736,51,2062.500015982,2015-11,299,0.0988281251484375,106.24633090492188
2015-11-11,29550.21029574,56,2052.5899958719997,2015-11,369,0.09321839128735632,127.4481067913793
2015-11-12,27604.16029374,55,2702.269961899,2015-11,373,0.09782608751552795,120.00037547813665
2015-11-13,35888.370232119996,59,3658.049975282,2015-11,478,0.10961352711594202,122.90183870203381
2015-11-14,25812.50027957,57,1115.450029306,2015-11,355,0.10092715280794702,122.2404005325894
2015-11-15,27432.090336203,55,2633.430050161,2015-11,331,0.08973509971523179,138.6043744412053
2015-11-16,31517.8403644,60,4320.620016803,2015-11,407,0.09450549482967033,123.4500580076923
2015-11-17,30046.33034498,52,4491.480006242,2015-11,384,0.10000000073410405,129.7974022589075
2015-11-18,30655.350421891,54,4019.430002714,2015-11,351,0.11172413857471264,136.37977368115517
2015-11-19,33796.61024514,59,5063.439959169,2015-11,437,0.09910526346842105,124.69931883894736
2015-11-20,31822.71037865,58,776.2901087760001,2015-11,382,0.10268571482285714,139.4390320080057
2015-11-21,31328.23036237,61,2992.850001376,2015-11,393,0.09439560475274726,129.36187121967032
2015-11-22,26858.48037353,55,2368.190015142,2015-11,335,0.1030322585483871,131.401035694129
2015-11-23,30991.53022421,57,2726.170020854,2015-11,367,0.10065868319161676,136.29335666503593
2015-11-24,25572.82027596,52,4433.899983527,2015-11,302,0.10337662388961039,135.89032844871429
2015-11-25,28668.43041591,56,3232.679991898,2015-11,375,0.10715151581818183,125.23127589721211
2015-11-26,29384.26045435,53,2677.200041871,2015-11,339,0.09407643344585988,143.65567244184714
2015-11-27,31313.33031661,54,4631.920020095,2015-11,376,0.1089673917826087,136.4439707149511
2015-11-28,29865.25025604,62,2605.5899959,2015-11,371,0.08899408325443786,123.29621597473373
2015-11-29,32486.2903882,60,4671.669974428,2015-11,427,0.11284153067213115,125.7047572979235
2015-11-30,30379.920402721,54,4512.860036304,2015-11,386,0.09938202292134832,132.82045295129774
2015-12-01,28943.640335,55,3056.389973825,2015-12,354,0.09612121258787878,131.27309425030305
2015-12-02,30439.41033554,55,2784.610053276,2015-12,381,0.10161849765317918,130.04630364768786
2015-12-03,32781.96038425,58,3412.039973514,2015-12,402,0.0982022477022472,136.19635177314606
2015-12-04,28465.60029833,57,2423.97006691,2015-12,367,0.10944099407453417,127.0073325152795
2015-12-05,32656.32044019,58,7149.579991486,2015-12,362,0.09740540604324324,142.1667063161135
2015-12-06,27284.96033492,56,2501.2499970530002,2015-12,329,0.10142857170186334,132.52863697173913
2015-12-07,26676.790247571,51,2520.06997684,2015-12,315,0.10455782393197278,132.3349010864694
2015-12-08,22959.21025092,51,2560.849963509,2015-12,287,0.10166666732575758,132.76803378287877
2015-12-09,31511.30034818,58,5093.139987539,2015-12,407,0.1079213487752809,128.97702596820224
2015-12-10,27197.41032626,54,2655.110024468,2015-12,326,0.10311258343708608,139.5902022597351
2015-12-11,30409.44041681,54,-373.9499981220001,2015-12,361,0.09982758680459769,133.89098037350576
2015-12-12,32013.08032827,56,5821.699994904,2015-12,383,0.10517241429310345,136.3789689551724
2015-12-13,32414.340356419998,56,5905.149979086,2015-12,415,0.09895953808092486,129.33572587624855
2015-12-14,31366.96042069,60,4251.469907872,2015-12,358,0.10086705241618497,142.08011948468786
2015-12-15,31589.33032042,55,2930.489964111,2015-12,426,0.10925714348,125.01097447314285
2015-12-16,31257.06033541,59,3597.480014984,2015-12,396,0.09750000047777778,125.71022516138889
2015-12-17,23662.43023702,52,3008.269996991,2015-12,314,0.10280303069696971,127.5040184838712
2015-12-18,27465.41037214,57,3699.909965898,2015-12,322,0.10974359021794872,140.8722473455769
2015-12-19,30855.64031722,58,1691.840044475,2015-12,378,0.09940476246428571,138.57071766768453
2015-12-20,28289.09036268,59,3793.949978065,2015-12,377,0.10131736593413174,124.58766801718563
2015-12-21,31126.53038982,60,3943.65998609,2015-12,377,0.10713483207865168,139.80837448411236
2015-12-22,27740.04019854,60,3589.090036454,2015-12,357,0.10092024589570552,117.989757388773
2015-12-23,33030.29020208,62,4672.10003785,2015-12,424,0.10203125030208333,125.0771387156771
2015-12-24,30889.99035859,57,3003.270008812,2015-12,393,0.10097142913142856,130.53108921988573
2015-12-25,35223.10039337,57,5673.580027579,2015-12,422,0.10359375035416667,140.32625377604168
2015-12-26,30942.08042556,55,3096.820043594,2015-12,390,0.10650602479518072,135.49446136228917
2015-12-27,33141.39049899,58,1707.9700181679998,2015-12,403,0.0997326208342246,134.10027081058823
2015-12-28,27813.6602249,59,2757.2799590619998,2015-12,366,0.09923529445882352,120.47106188941177
2015-12-29,30645.41027473,61,4434.1699641469995,2015-12,370,0.10305084832768362,130.70034238689263
2015-12-30,30412.27022037,59,3514.970028984,2015-12,383,0.10038674064640883,126.80619102110498
2015-12-31,30078.84036387,56,2962.609948523,2015-12,384,0.09761904811309526,128.46541984095236
2016-01-01,28846.84024438,59,3436.710001928,2016-01,371,0.1073837213255814,124.45977044988372
2016-01-02,29253.26035306,55,2787.219984027,2016-01,332,0.0929090911878788,140.5633369949091
2016-01-03,33065.07032189,53,5239.030010227,2016-01,409,0.10697802267582417,131.41731103285716
2016-01-04,26006.50036612,55,4426.16002493,2016-01,320,0.09807947057615894,127.73708962847682
2016-01-05,24685.15029839,47,2899.4500259919996,2016-01,333,0.10693877602721089,116.6288463077551
2016-01-06,30441.22028356,57,2222.650021191,2016-01,375,0.10662921391573034,129.85994707966293
2016-01-07,32805.46044512,61,4926.240071596,2016-01,377,0.10005681875568183,144.9423332147216
2016-01-08,31014.090276709998,55,5926.900028975,2016-01,381,0.09192546616770186,136.65273612236024
2016-01-09,30565.00025016,57,6134.9800136819995,2016-01,377,0.09924418644767441,133.52389888279652
2016-01-10,24605.74023402,53,4654.780065659,2016-01,332,0.10909722283333334,124.51583648070138
2016-01-11,28219.81037299,52,4716.529993676,2016-01,316,0.09931677068322982,139.83863710124223
2016-01-12,28305.39038321,55,2406.309972433,2016-01,356,0.09966216246621622,138.80581427006754
2016-01-13,28109.07033175,55,3419.580003276,2016-01,316,0.10670967807741936,141.2076808475484
2016-01-14,31262.130312549998,56,3622.34995466,2016-01,405,0.0988505751551724,125.52327905109196
2016-01-15,28234.97035604,54,4408.69996084,2016-01,312,0.08879746865822785,147.74715579753166
2016-01-16,36220.25043324,56,2740.0199947700003,2016-01,415,0.10031914957978723,141.82319506579788
2016-01-17,28601.92038391,58,2580.299958689,2016-01,364,0.10685534626415094,130.51673284930817
2016-01-18,28605.64035698,54,914.8098937490001,2016-01,364,0.11151515240606061,131.30970033963638
2016-01-19,29507.70026416,60,2758.339965682,2016-01,367,0.09372093044767442,124.53511931505814
2016-01-20,28340.53027752,60,4764.160044232,2016-01,340,0.09812121283636364,127.59491239975758
2016-01-21,30967.61031925,58,4387.070038826,2016-01,412,0.1050270272162162,122.3453543411946
2016-01-22,31747.96039216,59,2194.1100265239997,2016-01,382,0.09132948006936416,138.95954104907514
2016-01-23,28888.070309532,57,1702.050034916,2016-01,386,0.10876470664705881,124.22353256795294
2016-01-24,34144.29043807,56,4552.120029167,2016-01,403,0.10423076995604395,141.18604758956045
2016-01-25,30792.00033335,58,2021.9799955059998,2016-01,391,0.10022346391061453,126.66944450849161
2016-01-26,35438.59036444,61,3326.280035897,2016-01,445,0.10015384655384615,132.3933878322564
2016-01-27,31478.75035462,55,3977.669997387,2016-01,393,0.10077777843333333,131.78311451127777
2016-01-28,24863.30034117,54,2121.4100390080002,2016-01,331,0.09703448324827586,121.60296833737932
2016-01-29,26555.65021735,56,-328.8899841069998,2016-01,358,0.11617834465605095,123.7345254167516
2016-01-30,34108.71034302,60,3005.130037083,2016-01,376,0.10026455072486772,141.79719948555555
2016-01-31,27799.82029564,53,2884.149984802,2016-01,348,0.09396341490243902,127.9703081912195
2016-02-01,29451.47045637,58,3613.28008724,2016-02,342,0.10121387349132949,138.44503255387284
2016-02-02,28612.020373413,57,3889.420052278,2016-02,343,0.10018867963522013,137.38402876868554
2016-02-03,29828.51034161,54,4339.809989339,2016-02,375,0.10621951284756098,130.86640586304878
2016-02-04,28948.38026948,53,2037.0000289630002,2016-02,331,0.11207792264285715,144.624484152987
2016-02-05,28885.00029772,53,1704.21003271,2016-02,356,0.09058823566013072,131.69346707483658
2016-02-06,27523.110275619998,55,3779.28000347,2016-02,337,0.09410256448076924,131.81525991294873
2016-02-07,32829.390385059996,63,95.53002344299995,2016-02,410,0.11705263224736843,134.75642461673684
2016-02-08,28772.44036922,54,1885.4800694320002,2016-02,380,0.09807453450310559,128.30534500596895
2016-02-09,32315.340354969998,55,4706.280044269,2016-02,363,0.09222857175428573,144.98211798948572
2016-02-10,28620.3703268,55,4268.630003982,2016-02,374,0.09579268367682928,124.16555187518293
2016-02-11,27837.47024926,61,2211.540016935,2016-02,382,0.11740963936746987,118.88000271404218
2016-02-12,25580.56023112,52,2950.939995108,2016-02,321,0.09496644334228188,127.54617778456375
2016-02-13,25347.76024811,51,2919.480025318,2016-02,355,0.09093959752348993,117.41778805410065
2016-02-14,26899.1602828,55,3222.0599913309998,2016-02,374,0.1160493835,123.2917314138889
2016-02-15,23192.36026228,52,1266.770028814,2016-02,285,0.09335766451824817,130.49934647934307
2016-02-16,32628.930429791,55,2529.160044424,2016-02,389,0.09778409135227273,137.52756040063068
2016-02-17,32456.36031004,60,456.1400353310002,2016-02,404,0.10564516182258064,131.76210016194088
2016-02-18,33173.45034857,58,1527.010015694,2016-02,389,0.10370786559550561,140.71275649325844
2016-02-19,32898.59032813,61,5423.110016172,2016-02,401,0.10042105318421053,128.81474015452633
2016-02-20,31090.83037777,56,4302.820010218,2016-02,375,0.09580838380239522,139.79168023161677
2016-02-21,30469.20035355,58,2100.669977733,2016-02,362,0.11607362039263805,145.47300972202456
2016-02-22,29811.010398809998,54,3217.059977894,2016-02,340,0.10236363698181819,140.5090944618788
2016-02-23,33327.52041828,57,3071.810062706,2016-02,409,0.08972222267222223,139.58278145677778
2016-02-24,25146.13027614,54,5081.010008009,2016-02,364,0.11220779276623377,113.89779489974025
2016-02-25,25489.080183359998,50,3798.750038798,2016-02,299,0.11291390783443708,134.49192404986755
2016-02-26,33455.61040736,60,2704.0800420729997,2016-02,423,0.09050561838202248,128.735283972809
2016-02-27,27424.37036317,52,3863.919998169,2016-02,287,0.10102564144871795,150.1223118046859
2016-02-28,29838.550339,55,1024.639990382,2016-02,353,0.10520467874853802,136.42667022345614
2016-02-29,32796.18026732,57,3890.4600134089997,2016-02,446,0.09889502818232045,117.15486465668508
2016-03-01,26095.99033457,55,3382.16998284,2016-03,327,0.09986486518243243,131.015543902777
2016-03-02,27464.85031517,56,4191.199957856,2016-03,338,0.11320261518300653,133.9426830303268
2016-03-03,32285.60041035,56,4747.990032164,2016-03,415,0.0996195656304348,122.29848145755433
2016-03-04,29787.64032177,58,2226.740049814,2016-03,382,0.10028571483428572,125.85120321354286
2016-03-05,30086.900293669998,53,3357.400029629,2016-03,365,0.0903726712484472,135.96919611032297
2016-03-06,29598.040337912,56,3853.01999544,2016-03,392,0.10618784595027625,122.03326263543093
2016-03-07,29671.57029172,57,1671.4499644730001,2016-03,371,0.1149132953468208,129.60115930330056
2016-03-08,26483.71024719,55,2433.059955629,2016-03,320,0.10081632695918367,137.0631330494558
2016-03-09,30954.71026982,57,3498.210006239,2016-03,383,0.09442528779310344,128.55758947977012
2016-03-10,36117.39062937,62,2047.0600637730001,2016-03,388,0.09803108857512953,155.5887607168912
2016-03-11,25059.35036263,53,940.799989063,2016-03,323,0.10523809572108843,125.72265621448979
2016-03-12,28651.0603045,53,3946.110031145,2016-03,362,0.10197452283439491,129.97509885045224
2016-03-13,23845.05032364,54,3448.370048838,2016-03,289,0.09576388938888888,129.84958662291666
2016-03-14,25616.30030642,51,3780.529943585,2016-03,319,0.10335570501342282,132.0687282267114
2016-03-15,28649.760326659998,59,4428.139985913,2016-03,346,0.101500000575,131.5386281525
2016-03-16,24731.89021031,48,1698.960013497,2016-03,298,0.09634328362686567,135.01074979238805
2016-03-17,28279.34022034,53,5323.990025376,2016-03,366,0.10185628815568863,120.1688651727545
2016-03-18,38569.69045406,63,1061.800032892,2016-03,471,0.10037735906603774,135.87528660117925
2016-03-19,29123.790338671,53,1161.439960323,2016-03,341,0.11125748568263473,137.09593146228144
2016-03-20,33017.3303759,60,2496.820123041,2016-03,347,0.10412790729069768,157.7201787866279
2016-03-21,27279.41035682,57,2542.390034536,2016-03,335,0.0951250003625,132.99419112613126
2016-03-22,26871.30041534,55,2207.759993034,2016-03,303,0.08507042299295775,144.28387700091548
2016-03-23,23961.92022678,53,2208.049961306,2016-03,317,0.11236111159027778,125.9816698002847
2016-03-24,28145.210346159998,59,4308.27001653,2016-03,334,0.11546511706395349,133.87221281313953
2016-03-25,32841.48037755,63,3494.389996588,2016-03,425,0.09520618598969072,124.30335359814433
2016-03-26,34243.69035374,59,5057.110053942,2016-03,424,0.09652173967391305,131.4179382259239
2016-03-27,30597.07030505,55,5786.940034743,2016-03,357,0.10335294157058823,141.14053296876472
2016-03-28,29484.67034518,59,3430.479937699,2016-03,374,0.10200000042941176,130.130121179
2016-03-29,28771.96045694,52,2313.059984334,2016-03,338,0.09907894774342105,143.79033262263158
2016-03-30,32577.19037629,59,5248.090031432,2016-03,424,0.11206521816304348,124.01054681239131
2016-03-31,28478.61022246,54,3065.95001002,2016-03,396,0.10262195170731708,114.51920995756096
2016-04-01,33632.42037943,57,7138.999947306,2016-04,433,0.10215053793548387,128.06930428521505
2016-04-02,28545.73029522,58,3027.920059892,2016-04,353,0.09575757631515151,131.38903369709092
2016-04-03,28390.6603278,56,4621.670027812,2016-04,331,0.10000000053846153,141.58436248635257
2016-04-04,25881.42032801,53,4438.070002343,2016-04,287,0.10675496744370862,145.749474195298
2016-04-05,31745.7404541,56,3565.450065957,2016-04,402,0.09161676684431139,129.22736851251497
2016-04-06,31188.42038376,52,3939.899998647,2016-04,344,0.09963414683536585,148.8967111212317
2016-04-07,29821.66036391,59,3721.509974989,2016-04,371,0.11327586283333334,133.1607506781092
2016-04-08,28327.32029588,55,737.3499820900001,2016-04,332,0.09580645185806452,135.0591645923226
2016-04-09,30109.59037212,57,4115.269971626,2016-04,358,0.10764705955294118,137.17635653282352
2016-04-10,31866.63027151,60,3480.980056149,2016-04,412,0.10138888950555555,124.03839193249999
2016-04-11,33575.240369963,60,6390.449987885,2016-04,429,0.10105527697487436,128.47085764317086
2016-04-12,29868.34032807,54,6327.909985872,2016-04,380,0.10192090466101694,128.5022633154294
2016-04-13,29326.98026481,55,3282.47996635,2016-04,398,0.09612359578651686,118.24719400410112
2016-04-14,26306.33028244,52,4357.570018577,2016-04,329,0.11570512898076923,131.58455465153844
2016-04-15,33677.20052089,58,2838.430014117,2016-04,429,0.09869318230681819,132.88040092126136
2016-04-16,30835.350365711998,57,4731.030015516,2016-04,385,0.09689655211494254,132.1608655903563
2016-04-17,30327.07032631,57,3624.95994835,2016-04,317,0.09322580690322581,158.25832693541935
2016-04-18,34011.0502585,59,4866.619983288,2016-04,481,0.1197969549746193,114.92330218375633
2016-04-19,28177.28039187,54,4843.090029423,2016-04,335,0.09937888270807453,138.112053229441
2016-04-20,30116.66034989,56,5639.359965677,2016-04,415,0.10477272806249999,116.57341196624999
2016-04-21,35205.40024993,63,2892.820009799,2016-04,442,0.10191489404255319,130.74984359079787
2016-04-22,26860.11015386,55,2649.800011038,2016-04,326,0.0926351352972973,133.48844920338513
2016-04-23,32063.780395409998,57,1324.3799962449998,2016-04,393,0.10719101188202247,134.9150035447753
2016-04-24,28828.40040411,58,2879.180023995,2016-04,364,0.10046783666081872,125.05848265871344
2016-04-25,30141.71029098,50,4980.999957096,2016-04,398,0.09634146393292684,125.0926859819512
2016-04-26,23773.56023123,55,2870.039973554,2016-04,303,0.10126666713333334,125.03513660793334
2016-04-27,25734.65021352,56,2594.629959278,2016-04,317,0.10798657772483221,127.10322470033556
2016-04-28,28147.59040175,53,1970.419988911,2016-04,346,0.09327160524074074,130.44500344271606
2016-04-29,24534.77025069,50,2816.8899434200002,2016-04,298,0.09859154977464789,129.8971863097183
2016-04-30,22086.5502089,48,2164.590027999,2016-04,304,0.10312977167938932,114.66068990305344
2016-05-01,28852.30033494,56,5413.459998478,2016-05,393,0.1118072294939759,127.00036465181324
2016-05-02,25065.26026985,53,4450.800042262,2016-05,325,0.09417266219424461,124.95993120553958
2016-05-03,25619.2202682,52,1274.4400177520001,2016-05,309,0.0946710531118421,125.9492135205921
2016-05-04,26962.17035137,54,3175.659973022,2016-05,331,0.10000000043506493,135.75435435727923
2016-05-05,28618.770362981,55,3908.7600226639997,2016-05,347,0.10987500056874999,137.25069117963125
2016-05-06,28699.180305212998,48,3416.739986833,2016-05,353,0.10090322624516129,136.44613246684517
2016-05-07,30729.5103458,59,4718.180042028,2016-05,397,0.09082840266863905,126.92958877254438
2016-05-08,28584.77031518,54,3437.500015322,2016-05,393,0.10468208142774567,121.6011013218497
2016-05-09,28834.090314869998,60,3380.36999452,2016-05,389,0.10739645018934912,121.20757692420119
2016-05-10,25807.34037054,52,1918.119980126,2016-05,303,0.0994594599527027,131.79871947412164
2016-05-11,31201.14049337,54,5942.640008121,2016-05,379,0.09872832404046243,139.87277819653178
2016-05-12,33745.44040474,59,3321.6699495029998,2016-05,419,0.09764705927807488,133.88139390578075
2016-05-13,28802.890340859998,59,5106.980002752,2016-05,395,0.10647058888770053,120.88283753390374
2016-05-14,32569.24043758,59,3166.4599598239997,2016-05,362,0.0979888272793296,144.10436145860893
2016-05-15,34427.1103668,60,2612.230014847,2016-05,426,0.09863636397474747,128.57419513323234
2016-05-16,32931.79035991,56,4957.960047138,2016-05,415,0.11256983324022346,135.40715426821228
2016-05-17,27766.46044166,53,2723.4800068550003,2016-05,306,0.10589403998013244,154.29973923615896
2016-05-18,30311.86023747,53,2021.7300030440001,2016-05,372,0.09560509575159236,135.65102250790446
2016-05-19,26033.29027195,51,2216.9700043039998,2016-05,332,0.09077419408387097,124.29245480309677
2016-05-20,27826.06036,56,2136.7899799369998,2016-05,365,0.09802395241317366,123.14988341077844
2016-05-21,28230.79024489,54,4404.4599516769995,2016-05,371,0.10721212187878788,119.93448786054545
2016-05-22,33776.44033539,59,3167.940100847,2016-05,402,0.09978836022222222,137.21000351868256
2016-05-23,26174.470352559998,55,2379.430012231,2016-05,321,0.09641509486792453,128.79968906295596
2016-05-24,30276.1603645,55,5018.529968695,2016-05,371,0.0911111114888889,128.38294779833333
2016-05-25,25140.74029942,53,2289.620014704,2016-05,298,0.10319727953061225,136.4445612810272
2016-05-26,24325.05022714,56,621.3600075709999,2016-05,316,0.11234482814482757,123.53345155752413
2016-05-27,29492.73031046,58,3298.759999473,2016-05,384,0.10186046550000001,119.55250306797093
2016-05-28,28578.43030352,59,3739.290014349,2016-05,400,0.09628571501714286,112.23491710422857
2016-05-29,28302.53032352,50,5148.429987026,2016-05,349,0.10506410303846153,133.35314450282053
2016-05-30,33466.67044433,59,2658.0799931869997,2016-05,390,0.0983510642712766,138.89840791999998
2016-05-31,28282.01031846,55,4414.389989298,2016-05,397,0.10696969740606062,121.32273052467272
2016-06-01,29039.3402752,56,1537.880053408,2016-06,347,0.0920253169113924,138.8860797079114
2016-06-02,25967.21030444,51,3441.939981434,2016-06,344,0.1027922082857143,122.6120162851948
2016-06-03,29497.52035181,57,3001.790013178,2016-06,347,0.09880952445238095,135.61280114702976
2016-06-04,32303.79030815,56,5034.01003407,2016-06,429,0.11536312898324022,125.88229370469273
2016-06-05,26528.50037778,50,2555.640017096,2016-06,316,0.0910596029933775,135.19430812701987
2016-06-06,30228.09036637,58,4077.020004799,2016-06,388,0.09172413842528736,127.11534812902299
2016-06-07,32008.11029053,56,4739.600010573,2016-06,380,0.1144134085027933,140.06665172675977
2016-06-08,29511.67041442,56,4177.869980977,2016-06,328,0.09496894426086956,143.72776788962733
2016-06-09,23256.43018132,50,3821.869981462,2016-06,310,0.09613138759854015,122.05482053043795
2016-06-10,35125.16046524,62,3749.870065311,2016-06,417,0.10641025706153846,139.61923429446668
2016-06-11,32119.47047082,57,3819.800029714,2016-06,347,0.10655172466091954,151.00552121982759
2016-06-12,27061.43028267,54,2848.749984667,2016-06,336,0.09728476854304635,128.0943741234437
2016-06-13,30109.08026896,57,5375.979996758,2016-06,367,0.10327272772121213,140.7821855761212
2016-06-14,29656.96036567,52,1828.639949871,2016-06,348,0.1018354436392405,140.4113325687975
2016-06-15,31561.73045183,60,2867.1500088979997,2016-06,366,0.10123595549438201,139.99989152135393
2016-06-16,27489.41029982,49,3531.280025558,2016-06,333,0.0964238414039735,132.34649321291388
2016-06-17,23827.90031181,50,3511.370009805,2016-06,307,0.0963309357553957,124.42734127251796
2016-06-18,29727.51024842,57,2935.049988067,2016-06,379,0.11109756166463415,127.39774691518292
2016-06-19,29231.03040769,55,5106.139988881,2016-06,317,0.1128025483566879,153.05815683808916
2016-06-20,27414.5002503,56,3422.049996242,2016-06,341,0.09668750028125,127.838253191625
2016-06-21,31726.00044286,56,2333.429994438,2016-06,350,0.09847058864705882,151.69929824629412
2016-06-22,33869.6602918,55,4826.530035908,2016-06,419,0.09551724184482759,136.3971298190345
2016-06-23,30034.79033871,53,2637.799982425,2016-06,363,0.10586826395209581,138.96407554952097
2016-06-24,26668.76035132,55,5872.619966747,2016-06,354,0.1117948724102564,124.87320845314102
2016-06-25,29203.42034156,53,3464.239959863,2016-06,388,0.09982035984431137,122.19868550640719
2016-06-26,33460.0304052,55,3037.0399926689997,2016-06,426,0.10251282099999999,128.7686186411282
2016-06-27,30291.010277459998,59,3245.419954561,2016-06,396,0.10850000058333333,121.69389196305555
2016-06-28,31210.690250632,61,2017.0200340379997,2016-06,385,0.09227027063243243,128.1941114617892
2016-06-29,26743.160345109998,50,3228.999981389,2016-06,299,0.09653061250340136,143.92653452741496
2016-06-30,29025.34030934,57,1099.6600488069998,2016-06,356,0.09727272771428572,135.11837998059093
2016-07-01,27990.42035438,54,2296.750077883,2016-07,376,0.10938271662962963,123.1118547682716
2016-07-02,28671.3503576,57,3856.149995536,2016-07,340,0.10073619676687116,138.1786541192638
2016-07-03,33833.5803606,57,3771.319999119,2016-07,407,0.09931216983597883,133.37397147835978
2016-07-04,26097.02024075,51,2954.4199540990003,2016-07,302,0.10843537482312926,137.58061553387756
2016-07-05,29977.44027195,53,3630.770034423,2016-07,395,0.10130434823602485,124.36093459826087
2016-07-06,31945.890341719998,56,5691.23999594,2016-07,402,0.09433155112299464,131.9942281426738
2016-07-07,31499.20037455,60,4241.329992958,2016-07,425,0.10302197865384614,125.23066258005495
2016-07-08,28519.03039742,51,3669.0400311870003,2016-07,343,0.10924528385534592,136.84981480874842
2016-07-09,30212.50031507,54,3037.4400214830002,2016-07,365,0.09172619096428572,132.67286053535713
2016-07-10,29550.7103043,53,5157.640007762,2016-07,352,0.105773810125,134.48202708011905
2016-07-11,32150.15033107,62,4547.829949453,2016-07,419,0.10703910653072625,129.91089708273742
2016-07-12,29311.320358,57,2364.479980522,2016-07,360,0.0970731710304878,135.82945483310974
2016-07-13,24775.00032054,55,2843.279959521,2016-07,318,0.09906040315436242,123.71396287845636
2016-07-14,32431.54036155,55,3907.90002779,2016-07,383,0.10318681367032968,134.07005851219782
2016-07-15,24470.17026519,49,3021.92998586,2016-07,332,0.09082089615671642,121.90724188164178
2016-07-16,33356.00030756,59,2949.300032444,2016-07,462,0.10269841317460318,114.80836248931746
2016-07-17,34703.83043026,59,7364.940016744,2016-07,407,0.10025906776683938,143.14275001808807
2016-07-18,34359.10046205,53,2439.820060237,2016-07,414,0.10129213553370787,141.96545300185392
2016-07-19,29235.97039069,52,5184.18001832,2016-07,316,0.10554838752258065,153.08464926916128
2016-07-20,27307.16034686,55,2696.6699793929997,2016-07,350,0.1009090912060606,124.45527607684849
2016-07-21,29318.84030931,56,2357.140025418,2016-07,371,0.09294117675882353,127.18859147824118
2016-07-22,28109.36034225,55,4622.240027388,2016-07,354,0.10393548469677419,133.37535814219353
2016-07-23,24602.13026048,47,5640.729978789,2016-07,307,0.09561151116546762,126.24777292007194
2016-07-24,32259.5903497,61,7321.320012468,2016-07,375,0.10586592226256983,140.88223815760335
2016-07-25,26904.66035487,55,3428.400005439,2016-07,333,0.10301282094230768,131.73224707532052
2016-07-26,28461.33031273,57,3516.919980859,2016-07,360,0.10781065153254438,126.38586123681064
2016-07-27,29477.91019275,59,2039.90999817,2016-07,387,0.10734104093641618,122.62462734271676
2016-07-28,33012.81042056,61,3175.790004272,2016-07,393,0.09921466020418848,136.00429671120418
2016-07-29,29999.22041141,59,2470.720057054,2016-07,378,0.1002976195357143,130.88738444130954
2016-07-30,28124.51029189,56,3690.129962006,2016-07,345,0.10748427711949686,129.48516062748428
2016-07-31,25742.65023272,50,3876.889972759,2016-07,293,0.10985714334285715,143.34514640114284
2016-08-01,27882.02030234,54,5249.820027068,2016-08,356,0.08378205179487179,122.70654150487822
2016-08-02,24768.07022674,48,4035.4600468099998,2016-08,299,0.11059259302962964,137.2627440171185
2016-08-03,32459.84036783,55,2476.89007856,2016-08,428,0.10552083401562501,124.8794303175052
2016-08-04,24901.96022998,50,1733.69996593,2016-08,309,0.08467153338686131,131.23635364810218
2016-08-05,30200.27033689,61,4448.839992039,2016-08,426,0.11812154770718232,118.72956097122099
2016-08-07,30382.28033264,58,5769.400008066,2016-08,361,0.10080000029142858,134.6394891068
2016-08-08,27837.14030871,52,2370.199956343,2016-08,327,0.09210191133121019,137.0454177777707
2016-08-09,29757.14032482,57,793.9599947109999,2016-08,392,0.10073446381355931,120.83118954158756
2016-08-10,24201.06013088,53,4203.279998155,2016-08,313,0.11213793163448277,125.67876178172413
2016-08-11,31881.7303239,62,3138.689967339,2016-08,431,0.10438502718716577,117.56133968224599
2016-08-12,31958.070368613,62,5521.529992562,2016-08,425,0.0831491714917127,116.79591441591712
2016-08-13,24547.69030204,52,3658.419957508,2016-08,321,0.11147435973717948,124.82878541102563
2016-08-14,27538.77027882,52,3968.769953045,2016-08,328,0.101447369,135.16605599677632
2016-08-15,28596.70044902,53,2804.740097115,2016-08,321,0.09559748479874214,145.78069570974841
2016-08-16,28111.56028027,57,1302.340052294,2016-08,343,0.10756097599390244,133.50713758158537
2016-08-17,32864.83031663,62,5805.279972937,2016-08,416,0.10000000041361257,130.61665267732982
2016-08-18,33599.1404136,58,2027.23005101,2016-08,397,0.09544973583068785,134.4540774873016
2016-08-19,26055.27037027,56,4284.810007593,2016-08,323,0.10751592415923567,133.12822032554777
2016-08-20,34588.64034277,55,5159.499969851,2016-08,427,0.10123655969892473,134.76269146043012
2016-08-21,31283.57032986,58,4898.02006033,2016-08,399,0.09629411802941176,130.87635634182354
2016-08-22,31282.820391101,56,3114.4600308,2016-08,399,0.10922652009392265,128.33685421138674
2016-08-23,26881.43021877,52,3710.209905097,2016-08,354,0.10980392183660131,128.04150652784313
2016-08-24,28529.82035648,56,5702.029986875,2016-08,341,0.09062111829192547,135.98230187031055
2016-08-25,34449.50041419,59,4545.649991475,2016-08,411,0.09962365640860216,131.84871280151614
2016-08-26,25625.18030914,53,1840.090044957,2016-08,331,0.09919463148322147,126.54570780845637
2016-08-27,29291.93029207,57,2627.280007819,2016-08,364,0.10439759089156625,130.066870796506
2016-08-28,29845.48034327,53,3997.540035317,2016-08,319,0.10383720988372093,149.10982981884302
2016-08-29,29921.62038438,54,-1534.3300052109998,2016-08,350,0.10187134560818713,138.87707961637426
2016-08-30,32758.01034215,59,1884.249979367,2016-08,395,0.0929714287257143,135.49703199498285
2016-08-31,35020.58036791,62,4581.45000508,2016-08,429,0.10748691190575917,129.11424392518325
2016-09-01,25684.58029669,55,2944.199989377,2016-09,324,0.10374193588387097,128.8010354476774
2016-09-02,26830.81029865,54,4409.730076893,2016-09,351,0.099936306,127.9815955956688
2016-09-03,28859.990261259998,53,2853.469993443,2016-09,352,0.10993939476363637,131.87285199412727
2016-09-04,28581.82032426,54,2804.950064071,2016-09,384,0.10645348887790697,117.17529373726744
2016-09-05,29869.82025701,57,4977.980035294,2016-09,374,0.09522727307386364,128.3911966665909
2016-09-06,29511.120287331,59,5898.000005793,2016-09,401,0.09191860519186046,116.90785191012209
2016-09-07,30776.30040226,57,5359.060010926,2016-09,372,0.09977401190960453,133.37248936198304
2016-09-08,27020.61033049,56,1392.440005946,2016-09,343,0.11075949431012659,128.11519283905065
2016-09-09,29602.590316499998,59,1865.179984263,2016-09,368,0.09970414259763313,128.84035824106508
2016-09-10,27151.350399079998,57,4524.429971744,2016-09,322,0.10729729785810811,139.4489225352027
2016-09-11,24881.18031482,53,3758.660005186,2016-09,313,0.11209150388235294,125.66222544013073
2016-09-12,29835.80025118,57,5188.289956203,2016-09,389,0.09531791946242775,127.95381809856649
2016-09-13,27515.60025597,56,2122.260024522,2016-09,332,0.09906832345962734,135.4291961900621
2016-09-14,28950.83029488,57,3232.770017465,2016-09,364,0.09508875773372782,127.75136419798817
2016-09-15,29519.3603363,57,2802.200012722,2016-09,377,0.11163636430909091,133.04236714145455
2016-09-16,39035.34053074,62,3171.139971392,2016-09,454,0.09717821805445544,143.76049874980197
2016-09-17,34505.25038163,57,5318.490010265999,2016-09,416,0.102303665486911,133.45461067853404
2016-09-18,36759.690256691,62,6971.949947161,2016-09,478,0.09885167523444977,124.03105571842583
2016-09-19,29478.30034666,57,3690.600023035,2016-09,368,0.09117283988271606,134.67333681
2016-09-20,31944.17036807,58,5312.629936993,2016-09,422,0.11825136659562842,126.89076831540983
2016-09-21,25327.36024183,55,5402.92997286,2016-09,332,0.09913907325827814,120.14768498456954
2016-09-22,30897.42050359,61,5126.53996357,2016-09,389,0.09436464132596686,125.00536232983978
2016-09-23,31209.66043377,58,5339.51998484,2016-09,346,0.09648044746368716,143.32927775715083
2016-09-24,28369.87024129,53,4042.609982296,2016-09,363,0.11012500055,127.6698156510625
2016-09-25,27200.70014616,54,982.770014021,2016-09,356,0.09464516168387097,123.58174497870968
2016-09-26,29140.31025707,55,6347.95998514,2016-09,365,0.09879518122891566,127.68729228626506
2016-09-27,26043.34039524,52,5735.439983969,2016-09,326,0.09819444465972221,133.16146162180556
2016-09-28,29392.250388102,59,2651.630011824,2016-09,339,0.10372781131360946,139.19503333160355
2016-09-29,32580.67031137,55,5690.309996198,2016-09,400,0.1025274730989011,132.91698131296704
2016-09-30,27875.05037692,59,2447.760051816,2016-09,351,0.11044871842948718,134.693400888141
2016-10-01,30971.73030469,56,2963.440037712,2016-10,421,0.096927374849162,115.30771205682123
2016-10-02,31924.08019627,58,3618.960015323,2016-10,449,0.10623655965591397,114.87086298430644
2016-10-03,30170.820319823,56,3399.920008681,2016-10,357,0.10644171826993866,139.546138439638
2016-10-04,31108.01034003,57,1371.829965891,2016-10,391,0.10005649754237288,134.1235064207401
2016-10-05,25711.45034408,48,937.870044363,2016-10,314,0.0968571434857143,140.42336077414998
2016-10-06,28824.83018863,59,5302.940006006,2016-10,389,0.10278106558579882,119.33781362325443
2016-10-07,27144.51035711,50,3151.350060497,2016-10,317,0.09904761959183674,145.9129290592517
2016-10-08,30072.20038127,62,3645.679996472,2016-10,377,0.09593406614285714,124.60923401697802
2016-10-09,23144.57030487,49,2444.219996731,2016-10,307,0.12036496437956205,125.60920019562045
2016-10-10,35672.53051025,59,5048.560007264,2016-10,385,0.09940860261827957,156.782423690914
2016-10-11,30273.60026361,59,5453.330032998,2016-10,414,0.1044382024775281,119.32067699955056
2016-10-12,28587.63039241,52,3222.669970731,2016-10,364,0.09412500075625,127.944940642
2016-10-13,31340.04035599,56,2524.759935729,2016-10,391,0.0971823208674033,132.57376045287293
2016-10-14,32658.07017174,63,2821.859944703,2016-10,443,0.10238578732487309,118.23700785081218
2016-10-15,31419.850323101,59,3572.359999792,2016-10,420,0.10308988830337079,124.65736272714044
2016-10-16,26584.55024376,50,3113.089997869,2016-10,347,0.09425000058125,121.00750309569375
2016-10-17,27843.06032099,56,2333.540043271,2016-10,335,0.11864516172258063,140.65316500935484
2016-10-18,26320.00033305,52,2996.390031038,2016-10,319,0.1058783789527027,137.90047649831757
2016-10-19,28215.84022086,56,5356.140031544,2016-10,380,0.09357575804848485,119.5587302732121
2016-10-20,33665.02032485,57,4102.079996206,2016-10,407,0.0902577324072165,132.24665295118555
2016-10-21,32694.920406459998,60,5170.97003855,2016-10,424,0.11565445095811519,124.7320974195288
2016-10-22,30864.2604008,58,4969.489958754,2016-10,392,0.10662983485635359,130.90563890425415
2016-10-23,26310.71020903,55,3839.319976382,2016-10,330,0.08469798689261744,126.87429864986576
2016-10-24,32259.74041575,57,5759.5399915749995,2016-10,417,0.09831521804891304,125.15185112907608
2016-10-25,31144.60035886,57,4908.33996154,2016-10,363,0.11960227353409092,144.81812878522726
2016-10-26,29799.98024654,61,3216.8799569929997,2016-10,389,0.1028491622122905,122.5196119586704
2016-10-27,32073.24041763,54,3446.369991915,2016-10,410,0.08839779022099446,127.52403644271271
2016-10-28,31031.36042575,51,4750.770007746,2016-10,367,0.10046511704069769,138.31918960790696
2016-10-29,32053.07035129,58,3247.270017379,2016-10,407,0.09965517281609194,123.16103755805173
2016-10-30,27218.79022603,58,4703.159969884,2016-10,354,0.10269461131736526,121.59910498185629
2016-10-31,27685.66035064,55,2082.08004728,2016-10,339,0.10360248501242236,133.9512456137888
2016-11-01,26250.22039426,58,1961.100050669,2016-11,321,0.1001960790392157,136.43869642275163
2016-11-02,33033.93024999,65,1977.9399437109998,2016-11,396,0.10700534807486632,136.6304311739091
2016-11-03,35901.97051628,57,3031.819999602,2016-11,416,0.09578378437297298,144.39784163821622
2016-11-04,30687.85033251,56,4651.950024195,2016-11,393,0.11127272790909092,129.91588207957577
2016-11-05,29300.77037422,53,3709.450033239,2016-11,343,0.0975308645925926,139.22889245987656
2016-11-06,31407.130455219998,56,4977.599999139,2016-11,361,0.10053892249101797,147.08455490533532
2016-11-07,36066.11042976,62,4147.599976892,2016-11,424,0.10614634212682926,138.92005234166342
2016-11-08,28551.55023266,50,2918.249980704,2016-11,356,0.10756410280128205,130.7766699705128
2016-11-09,27103.4103472,52,2978.46005827,2016-11,354,0.10474026016233767,122.42357442610388
2016-11-10,19419.57016026,48,4072.880036639,2016-11,233,0.10858333390833333,135.53775403166665
2016-11-11,35036.84037765,59,901.579974128,2016-11,459,0.0966009857586207,120.7426139226601
2016-11-12,31236.97041689,55,2967.650023542,2016-11,376,0.0917977532977528,132.37017180769664
2016-11-13,28942.1803705,54,5621.999986126,2016-11,312,0.10738853543312103,149.27369820375796
2016-11-14,27169.80027046,56,3742.130033389,2016-11,336,0.10901960841176471,132.18503599601308
2016-11-15,25060.37020167,50,3312.529981307,2016-11,304,0.09079710195652174,130.5244235060145
2016-11-16,25070.53025676,50,4399.45001619,2016-11,311,0.09200000037931035,124.28441663579311
2016-11-17,38068.57048843,60,2539.6300931729998,2016-11,468,0.10373737437373737,134.0327304623788
2016-11-18,29938.82035675,56,3385.6100042079997,2016-11,367,0.10479532197660818,139.57345406369006
2016-11-19,29917.11038206,61,2711.45995452,2016-11,380,0.10431952728994083,131.52112756905325
2016-11-20,34250.53041613,59,4684.260025795,2016-11,443,0.09647368471052631,130.28295078657894
2016-11-21,30439.31038799,56,5945.349976406,2016-11,379,0.09571428598809523,136.8872057407262
2016-11-22,33711.44036881,57,2437.5899292599997,2016-11,438,0.11154285817142857,127.58297448629143
2016-11-23,28198.270336319998,56,3609.580012119,2016-11,344,0.10829113980379747,135.96924388633542
2016-11-24,29710.20038458,53,2633.929971227,2016-11,334,0.09793939452121213,146.09715544254544
2016-11-25,34171.83033222,57,4181.5999663659995,2016-11,435,0.09678947402105262,129.47247709352632
2016-11-26,31325.64035069,55,4232.649999843,2016-11,371,0.10435754251955308,132.40229391770947
2016-11-27,32395.27042961,54,4612.319964677,2016-11,390,0.1117159769112426,138.0882872554497
2016-11-28,31586.140417489998,56,2103.0199725509997,2016-11,356,0.09703030356363637,148.81879183909092
2016-11-29,34313.00028845,58,2394.5699704129997,2016-11,434,0.10093406641758243,128.07681634225276
2016-11-30,30729.60040689,62,5537.210004781,2016-11,390,0.09505555601666667,126.70517000995
2016-12-01,28249.89023212,52,5427.8099785800005,2016-12,341,0.10086092782781457,129.2600693515894
2016-12-02,29043.86037012,52,931.4800049449999,2016-12,357,0.10537037066049383,138.8892627448827
2016-12-03,28947.79037071,56,3706.270009539,2016-12,355,0.09632768414124294,128.63791285079094
2016-12-04,30104.64034548,56,6435.189976555,2016-12,380,0.10207100633136094,129.0475182543787
2016-12-05,28838.880260679998,61,4121.429995694,2016-12,372,0.1098850581091954,123.9020722524138
2016-12-06,31750.07036633,59,3223.800016297,2016-12,390,0.09433526043930637,135.7280960453757
2016-12-07,29567.37025686,56,2403.849981707,2016-12,385,0.1035928149760479,121.76132015137725
2016-12-08,29485.66019823,58,4596.069985406,2016-12,388,0.09976331399408285,122.50337582982841
2016-12-09,26878.370226062,57,2166.560006442,2016-12,372,0.10673076975641027,119.42468242474999
2016-12-10,32391.240485899998,56,1925.299961883,2016-12,427,0.10145251436312848,128.07279669223465
2016-12-11,30827.02026864,54,1934.3000470079999,2016-12,377,0.10655172472413793,132.40161268028734
2016-12-12,29552.53028371,59,1005.940011139,2016-12,379,0.09441340825139666,122.48609250163688
2016-12-13,29082.77035344,59,5396.559977942,2016-12,354,0.1001234572037037,130.55037365796295
2016-12-14,26676.6902865,50,3926.559928013,2016-12,352,0.10381579004605263,122.09960797236842
2016-12-15,26965.92032921,54,2549.309960528,2016-12,336,0.0963125004625,127.37606587787499
2016-12-16,27786.080300861,55,3886.429970148,2016-12,370,0.11227544994011976,116.77317650467666
2016-12-17,29215.40032767,57,3027.610026294,2016-12,379,0.10159763353846155,125.80509189521302
2016-12-18,30727.50027675,55,4270.519938325,2016-12,421,0.10323699497109827,120.76364461312139
2016-12-19,30169.45038201,56,4589.880000292,2016-12,372,0.10591195013836477,132.76258179880503
2016-12-20,27425.19025146,56,4096.960073072,2016-12,374,0.0832894738881579,122.69263448526314
2016-12-21,25691.37019362,57,3446.600028187,2016-12,345,0.10734177277215191,122.8236106108291
2016-12-22,29294.31042509,55,4004.960050664,2016-12,404,0.10186335470186336,124.36180431397516
2016-12-23,31642.89033553,57,3493.780012974,2016-12,376,0.11205882411176471,139.21694482200002
2016-12-24,28711.05035394,54,4377.260011526,2016-12,354,0.10695122003658536,129.61610084987805
2016-12-25,31337.76025361,57,1966.479968453,2016-12,410,0.10026455071428571,120.57084953793651
2016-12-26,28633.8003084,54,1804.950017074,2016-12,313,0.0929299368089172,148.13484469337578
2016-12-27,34958.86027404,60,2963.62997908,2016-12,416,0.09304347832608696,137.67848185239131
2016-12-28,33433.13042289,55,2847.129976406,2016-12,405,0.0984782615,140.9825036878261
2016-12-29,27990.24026464,54,3461.660049698,2016-12,357,0.10623376703896104,133.93610741649348
2016-12-30,29681.71032372,55,3222.480008901,2016-12,359,0.10838150339306359,136.25416520109826
2016-12-31,30538.36049496,55,1613.330024378,2016-12,341,0.10906250048124999,147.950628714
2017-01-01,26319.71026997,46,2523.3499892629998,2017-01,330,0.10271428609285714,129.61786036172143
2017-01-02,29684.30033681,57,3152.6499799,2017-01,383,0.09718562923353294,124.01934442467065
2017-01-03,24432.0502474,55,1617.2500178089997,2017-01,327,0.09275862115172413,120.74655488456551
2017-01-04,28655.15026626,56,4377.34996565,2017-01,307,0.09955696267088608,149.4749405336709
2017-01-05,26726.63025109,54,4252.190019402,2017-01,314,0.10711538503846153,132.5973752255769
2017-01-06,28997.30029452,54,4019.500001429,2017-01,376,0.10341176494705884,121.76553254194118
2017-01-07,31630.480403643,61,6254.569993453,2017-01,367,0.09731428636571429,137.33137494074856
2017-01-08,33272.44028867,61,4580.630105504,2017-01,408,0.10208791250549451,133.576267025989
2017-01-09,27726.670234062,55,4814.080041141,2017-01,361,0.11104046321387284,119.68335551104624
2017-01-10,32281.68043702,54,4778.259934915,2017-01,378,0.10767441901162791,140.49982914104652
2017-01-11,29838.3903773,57,1324.5400282070002,2017-01,369,0.08840236698816567,133.22444136289943
2017-01-12,32624.30031609,61,4015.829989415,2017-01,424,0.10033333388333333,125.44950319216666
2017-01-13,29851.2203591,58,1368.380149878,2017-01,348,0.10686747020481928,140.56554578698797
2017-01-14,28407.52030883,52,2646.940004281,2017-01,381,0.10719512248780487,124.12908834689634
2017-01-15,27684.64024739,56,3374.6599909,2017-01,345,0.08618750020625,125.62094086793749
2017-01-16,31734.17040264,58,4039.719998128,2017-01,388,0.10201183503550297,134.07686723704143
2017-01-17,28556.66034895,51,2051.019946492,2017-01,381,0.10936708906329114,126.96962327924682
2017-01-18,34470.71027766,60,6567.980001115,2017-01,487,0.10586021548924732,116.53650811182796
2017-01-19,27566.10026007,57,3810.079965057,2017-01,337,0.0959375004625,130.7881909289375
2017-01-20,33701.90046336,58,5901.339998238,2017-01,372,0.10222222280423279,144.40608850545502
2017-01-21,28567.46031813,57,237.79002667099996,2017-01,359,0.09850931716770187,128.6163385556522
2017-01-22,28821.91028375,50,4454.880030358,2017-01,368,0.10535031904458599,127.87414340974522
2017-01-23,28354.01031667,49,3464.540018013,2017-01,357,0.10032679778431372,132.72000321883004
2017-01-24,28336.84026611,55,3836.1199792009998,2017-01,378,0.0932317079390244,119.80536875220122
2017-01-25,29901.00021013,61,1298.790003872,2017-01,394,0.10720238135714286,122.51833626517856
2017-01-26,28550.15031222,56,3728.950039021,2017-01,380,0.10546961387292819,120.17105287298342
2017-01-27,30391.28029146,52,4729.440028502,2017-01,357,0.10125786213207548,142.7166703462893
2017-01-28,29557.68030744,60,3178.769994958,2017-01,386,0.09531073474576272,122.63774344169492
2017-01-29,29108.61037055,51,3302.120038909,2017-01,349,0.10421383686163523,137.24012909062893
2017-01-30,27306.830226269998,54,3518.480029854,2017-01,338,0.10280254849681528,134.4274558210828
2017-01-31,29483.85037419,55,5923.399994351,2017-01,365,0.10479041964670659,132.7062908026946
2017-02-01,34358.36034408,55,6412.679966975,2017-02,403,0.09598870092090396,139.6432802054237
2017-02-02,36394.63040778,55,3271.3099518999998,2017-02,434,0.1024324332,140.39411157535136
2017-02-03,33605.7103406,58,5480.110007075,2017-02,416,0.10562841567213115,133.8350852731694
2017-02-04,30542.05030095,55,3499.080044131,2017-02,360,0.09458823574117647,139.3701800554706
2017-02-05,33942.07034357,58,3405.170018522,2017-02,412,0.08621468964971751,137.25955145622032
2017-02-06,34341.86046376,58,5282.530008597,2017-02,430,0.11843575499441342,137.32296422972624
2017-02-07,31874.78041852,52,5010.319974366,2017-02,394,0.10080000077142857,135.57754624885715
2017-02-08,33736.0703075,63,2318.679976778,2017-02,396,0.09905027962011174,136.78721008463685
2017-02-09,30070.07040425,57,4507.540054724,2017-02,349,0.10715151593939394,142.86121578054545
2017-02-10,33053.9003531,57,4906.750029656,2017-02,413,0.10087912124175825,132.9115419112088
2017-02-11,27890.70038024,50,4735.709962452,2017-02,329,0.09284768262251655,137.84245372669537
2017-02-12,25713.75030631,54,4021.290028763,2017-02,331,0.10627586251034483,133.91841729648274
2017-02-13,29787.34028867,60,1105.3800066289998,2017-02,397,0.09993975952409638,124.10915957620482
2017-02-14,22525.22031212,47,2428.880004526,2017-02,269,0.10124087640875912,131.90066045613867
2017-02-15,31387.37024593,59,3931.9599735770003,2017-02,419,0.10766081926900585,121.82450575878363
2017-02-16,28091.90036589,56,5002.080002018,2017-02,328,0.10624203870063693,142.8989847433758
2017-02-17,30675.97030475,56,4450.27003685,2017-02,395,0.09502994049101797,128.61706912233532
2017-02-18,36161.88038639,59,5149.710057301,2017-02,412,0.10852459068306011,151.64355581759563
2017-02-19,31765.44037258,56,1912.870003849,2017-02,387,0.092426036,130.34325738804733
2017-02-20,33821.59041607,54,5519.810027439,2017-02,401,0.10379120946153846,132.5156625846154
2017-02-21,32966.26026521,62,5192.479968129,2017-02,430,0.096302083734375,122.02031552130207
2017-02-22,30790.30030643,56,4136.3299820659995,2017-02,404,0.11674285769714286,127.85720304549143
2017-02-23,30598.25020689,55,4924.279990497,2017-02,415,0.09321637466081871,112.6428094519883
2017-02-24,30466.87022374,58,2197.260086277,2017-02,402,0.09182857178857141,122.062631654
2017-02-25,32584.76045816,58,2916.790002469,2017-02,418,0.10806629896685084,130.5798377292265
2017-02-26,29666.64037336,58,1931.129994223,2017-02,380,0.1071839085862069,125.09833648637931
2017-02-27,29364.72030557,56,5209.15998594,2017-02,360,0.10237500033125,133.70119105981877
2017-02-28,29218.640317981,57,3609.779953963,2017-02,376,0.10192090445197739,121.41237580351412
2017-03-01,28193.150275429998,56,4747.88996299,2017-03,360,0.09862500033125,131.16400329243749
2017-03-02,31265.92029576,56,3599.3600008539997,2017-03,376,0.09167630104624278,131.99462782982658
2017-03-03,34114.9205458,59,5057.029981566,2017-03,395,0.10521505441935483,147.11715442323654
2017-03-04,28439.37038431,57,4810.380019673,2017-03,350,0.10586826419161675,135.39569244137724
2017-03-05,29208.54029936,55,4014.360074133,2017-03,375,0.09687861295953758,125.31850014728323
2017-03-06,26782.61020651,53,4312.150004151,2017-03,348,0.09968354475949368,124.43139570335444
2017-03-07,31485.46037472,55,3617.269983937,2017-03,427,0.10712766033510639,119.72308829845744
2017-03-08,27332.57037762,54,3942.4800137859997,2017-03,313,0.11153333378,145.62120401206667
2017-03-09,33409.320503363,56,3103.650044992,2017-03,385,0.09274285746285715,146.1310324686343
2017-03-10,33258.1203226,64,1332.669934436,2017-03,421,0.10031413659162304,131.00455814732985
2017-03-11,26534.14016343,49,3922.520008118,2017-03,363,0.10987179558974358,117.48846439519231
2017-03-12,28504.2403738,57,2009.629973321,2017-03,367,0.10756097615853659,127.59835690183536
2017-03-13,29973.19040489,59,3578.4199883779997,2017-03,343,0.09760736249693251,139.8780404582822
2017-03-14,28626.6504439,52,2927.860066857,2017-03,338,0.08803797512658228,137.1969023999367
2017-03-15,27220.52024265,51,3071.409945507,2017-03,356,0.11432258158709678,128.4916807519484
2017-03-16,34190.96033335,60,3234.700008336,2017-03,415,0.11515463951546392,136.225003521701
2017-03-17,28070.46028161,52,4474.150016585,2017-03,374,0.09154321035185185,120.72938567351852
2017-03-18,30670.29033334,59,1098.230038015,2017-03,377,0.08776470609999999,128.464885648
2017-03-19,33830.45046999,58,4987.499964035,2017-03,414,0.10542553258510638,132.2538864498936
2017-03-20,30375.62032314,58,4942.860007458,2017-03,375,0.10182352984705884,135.31159196041176
2017-03-21,27413.73029323,54,3271.719996631,2017-03,348,0.09700000051249999,123.4695032990625
2017-03-22,29156.63032746,61,3863.530036427,2017-03,378,0.10502958629585799,131.27852421088758
2017-03-23,29904.88025852,60,4613.240003061,2017-03,413,0.10295454588636364,118.18767339852273
2017-03-24,25688.73021725,52,2831.079985462,2017-03,295,0.1050359716618705,136.90906809071942
2017-03-25,32832.53053286,57,4905.910027277,2017-03,354,0.0965680477337278,148.8631402124852
2017-03-26,27136.87031573,55,3329.220044138,2017-03,314,0.10628205175000001,138.59179855429485
2017-03-27,22856.19013603,50,4455.560002267,2017-03,304,0.09845070457042254,116.54591846795776
2017-03-28,29271.15043088,60,2740.290009715,2017-03,349,0.10394117725294116,140.15235666805881
2017-03-29,35600.76033364,61,6189.950002669,2017-03,431,0.10092233044660195,132.71641108500484
2017-03-30,31603.51033229,57,2765.13002453,2017-03,397,0.09778409128409091,133.01102613698865
2017-03-31,30471.35038418,56,3231.850040703,2017-03,378,0.09822857199428571,134.04000356806856
2017-04-01,30727.47035843,60,4204.840030331,2017-04,357,0.10730994192397661,138.75374631561402
2017-04-02,30098.08037395,56,2060.7899952979997,2017-04,357,0.09668711730674848,133.24018730338037
2017-04-03,31052.1302831,57,1269.850021083,2017-04,439,0.10335195583240224,120.2002822224581
2017-04-04,29082.79025688,57,6020.650060633,2017-04,365,0.1061176476882353,131.4818268082353
2017-04-05,28477.7203429,56,4002.890023379,2017-04,389,0.10917159822485208,121.85757696029584
2017-04-06,24361.32032587,54,2742.199986313,2017-04,291,0.10594405635664336,135.55489888657343
2017-04-07,30923.87042989,58,2635.56998761,2017-04,354,0.0943113775508982,144.4432973278503
2017-04-08,30140.02039149,58,5335.069965668,2017-04,336,0.09254545505454545,142.46727654866666
2017-04-09,32952.80032571,62,4027.2000195699998,2017-04,405,0.09620000067,128.07395326026
2017-04-10,24537.56026488,56,3666.680043546,2017-04,300,0.12375000061805556,137.77951760180557
2017-04-11,30014.33027074,60,4773.409987809,2017-04,374,0.09602339211695905,130.88824874812866
2017-04-12,32212.27034291,59,3063.2700706570004,2017-04,397,0.10839378297927461,132.72430399560105
2017-04-13,27436.11026404,52,2773.809949649,2017-04,306,0.09366013096078431,135.21706218718953
2017-04-14,31021.09034975,56,2120.979999815,2017-04,391,0.11402366939053254,133.94722232408876
2017-04-15,32766.780500009998,61,3916.809987047,2017-04,410,0.09318435791061454,125.59162322441341
2017-04-16,26900.28029266,52,1328.799980279,2017-04,333,0.10235668824203822,127.80388854312103
2017-04-17,32378.02026401,59,5193.790027951,2017-04,389,0.10117318513407822,131.9107295878268
2017-04-18,32339.34042197,56,3691.6400448719996,2017-04,366,0.10549707656725146,144.32713841444445
2017-04-19,32323.32048796,57,4407.680004173,2017-04,387,0.10000000031249999,138.5335832225625
2017-04-20,24745.88018241,49,2831.629991407,2017-04,329,0.09482517551748251,118.21979326972028
2017-04-21,30810.44042625,55,4691.310003969,2017-04,384,0.09797752861235956,126.29725025808987
2017-04-22,31712.83041542,65,6037.500003592,2017-04,404,0.10994535579234972,131.92809080278687
2017-04-23,34948.13025331,59,5249.330043417,2017-04,396,0.11480663029834255,143.71210284198895
2017-04-24,30497.70039781,57,5634.1199807719995,2017-04,331,0.09628742552694611,146.1437765621557
2017-04-25,31882.84028636,54,4506.269941985,2017-04,390,0.09527272780606061,135.62448774684847
2017-04-26,31705.94036529,60,1732.670022292,2017-04,343,0.10522988579310344,138.7929342245977
2017-04-27,31635.670452219998,57,4471.989976956,2017-04,353,0.10430939255801105,140.58536268629834
2017-04-28,31144.44034568,52,1633.4000106079998,2017-04,358,0.09848484896363636,138.2425487441212
2017-04-29,32114.19033065,54,3961.190006794,2017-04,357,0.09319277141566265,144.4937385466265
2017-04-30,32639.42034919,56,5467.710004934,2017-04,381,0.1069832409944134,135.74201460648044
2017-05-01,34897.36045094,53,4868.840007364,2017-05,359,0.10318681362087913,154.80703700208792
2017-05-02,38577.48030169,60,1527.7099926039998,2017-05,400,0.09256544536649215,149.3443490712042
2017-05-03,27959.25036245,53,3758.899979242,2017-05,295,0.10159235730573249,148.5032521918471
2017-05-04,29143.3403017,55,3905.190004261,2017-05,326,0.1011949690062893,143.9688088327044
2017-05-05,34662.44039146,60,5162.499944922,2017-05,361,0.0950000004139785,151.66559531548387
2017-05-06,30658.25034733,60,4824.129985271999,2017-05,377,0.11549707677777778,129.04696220637427
2017-05-07,32845.32038535,56,2594.340000498,2017-05,375,0.10396551761494253,138.896037774023
2017-05-08,30135.620418399998,56,2480.050004071,2017-05,313,0.09177215241772152,151.40582666962024
2017-05-09,34196.15042133,60,-394.09990548600007,2017-05,340,0.09620320893048129,155.15364056834224
2017-05-10,29715.88020891,54,4204.4300101379995,2017-05,353,0.11079268367682928,131.53738122243902
2017-05-11,28034.87026435,56,1623.970029384,2017-05,312,0.09826923113461539,137.0079522294872
2017-05-12,30874.89039627,48,4044.4000171449998,2017-05,327,0.09621794928205128,149.3087215953846
2017-05-13,31282.37035369,57,3353.039982639,2017-05,357,0.10893491198816568,139.62663059420117
2017-05-14,32694.04030237,54,3673.429961702,2017-05,376,0.12080000075428572,143.75868923114285
2017-05-15,36912.48046127,59,7085.530003162,2017-05,388,0.09737623799009901,148.59678601262377
2017-05-16,31241.89028175,57,4009.389954785,2017-05,385,0.09494047673809523,127.98274097321428
2017-05-17,26923.45034427,51,3971.0900610099998,2017-05,316,0.10095890456164384,135.77692113232877
2017-05-18,29933.81030697,50,566.860055999,2017-05,314,0.10554838763870968,149.56871333380644
2017-05-19,29477.45027152,60,4388.390024425,2017-05,343,0.10164557006329114,141.14607929677217
2017-05-20,26891.930227,53,5418.119996869,2017-05,335,0.10407894769736843,124.29835819289474
2017-05-21,27250.63032006,49,1685.259960426,2017-05,295,0.10871621687837839,147.67763877945947
2017-05-22,38590.04048574,59,5418.739982143,2017-05,452,0.09354067027751196,134.77273052574162
2017-05-23,27175.83016264,56,6404.849986686,2017-05,312,0.10098684251973684,132.88289793342105
2017-05-24,29757.83027726,53,2979.699982578,2017-05,313,0.10645962782608696,149.2424881546584
2017-05-25,34860.42033811,60,4211.429993851,2017-05,405,0.10181818243850269,136.8226771064706
2017-05-26,32058.56051233,52,4042.979997086,2017-05,324,0.09350000059375,156.350941471875
2017-05-27,32568.01040267,56,2487.449978701,2017-05,336,0.10383647847169812,158.5599409908805
2017-05-28,23482.65025712,49,1933.790071251,2017-05,258,0.10362204781102363,146.12260233244095
2017-05-29,31045.81032175,55,5301.87001649,2017-05,372,0.09550898241916168,132.6468296433533
2017-05-30,36813.28043793,60,3311.889998971,2017-05,419,0.111326531372449,143.9474016155102
2017-05-31,28484.65020006,58,3822.609938418,2017-05,314,0.11000000031874999,140.8511910956875
2017-06-02,32156.03034989,62,6298.6300126549995,2017-06,327,0.08593220373446328,145.82463653977402
2017-06-03,32245.75039314,61,3539.569963149,2017-06,355,0.10831460747191012,142.34843068067417
2017-06-04,27010.41027814,56,3619.070010777,2017-06,324,0.11000000055769231,133.20070827108975
2017-06-05,27699.69025454,50,3781.550028771,2017-06,299,0.09798701333766234,140.67649698058443
2017-06-06,28701.6403202,53,6093.610013211,2017-06,300,0.0970588241372549,150.29497087196077
2017-06-07,29199.75018732,57,3881.099936442,2017-06,347,0.10470967801935485,135.2988418375484
2017-06-08,28897.25038176,53,4367.590022614,2017-06,313,0.09490322614193548,145.73684252335482
2017-06-09,28140.2804604,48,2188.270007777,2017-06,307,0.10231788141059603,146.30000386490067
2017-06-10,27558.45029464,53,3808.58999304,2017-06,310,0.10741721889403974,143.3847718437086
2017-06-11,33495.760185549996,63,3133.619990631,2017-06,397,0.08492063531746032,128.12069090920636
2017-06-12,30033.65037157,53,4282.179979629,2017-06,315,0.10310126636075949,152.57614302835444
2017-06-13,36441.81036804,58,4842.770078883,2017-06,385,0.11179894237566138,153.19995089396826
2017-06-14,33670.02030588,51,5379.650079344,2017-06,346,0.10214723985276074,155.7228259030675
2017-06-15,22083.41020192,49,3782.650009051,2017-06,269,0.1078294577751938,129.44581707906974
2017-06-16,29928.360488809998,54,2235.590046462,2017-06,314,0.10012738920382167,151.88643712305733
2017-06-17,27965.13034068,50,1440.899990814,2017-06,310,0.10250000052631579,145.27099045138158
2017-06-18,24411.30021673,51,3815.679998447,2017-06,257,0.09554744567153285,143.52861647153284
2017-06-19,30061.8603821,53,1725.1500207240001,2017-06,334,0.10265432166049383,144.4951889411111
2017-06-20,28740.780369019998,51,4896.060029466,2017-06,287,0.11068493211643836,160.28281251547946
2017-06-21,34151.58027296,58,3273.6700129359997,2017-06,378,0.09976744230813953,143.47657328290697
2017-06-22,32653.50037397,59,4928.080002227,2017-06,343,0.09208092506936416,148.09173747572254
2017-06-23,35091.96043076,61,5461.370040484,2017-06,393,0.10963350867015707,143.56984659183246
2017-06-24,30084.06036341,53,5892.020077861,2017-06,342,0.10275000059374999,132.895565799625
2017-06-25,33908.03041489,55,1102.6599828839999,2017-06,364,0.10664670698802396,156.0062313699401
2017-06-26,30882.39024751,56,2647.80995598,2017-06,349,0.09879518127108433,141.38060567855422
2017-06-27,33636.03049146,58,1508.979977245,2017-06,324,0.10170454592613637,159.27176536715908
2017-06-28,26324.92029228,55,2377.099994216,2017-06,316,0.1071126764225352,129.29169292542255
2017-06-29,26988.90018786,56,1861.8599970330001,2017-06,338,0.09974842816981132,127.81899676943397
2017-06-30,29258.53034619,53,3384.999982361,2017-06,341,0.09302631634868422,138.5282926100658
2017-07-01,32460.20032566,53,3988.5400010149997,2017-07,342,0.10863354083229815,151.8081402795031
2017-07-02,37962.99043861,58,4842.240016264,2017-07,442,0.09748792325120773,138.45691178231883
2017-07-03,33137.85026354,62,5373.899929725,2017-07,354,0.10547486086592178,146.25687538938547
2017-07-04,31276.55027823,52,3731.770035267,2017-07,357,0.10113207607547169,142.40295938327043
2017-07-05,33470.27050347,61,5305.419962676,2017-07,375,0.10304347894565218,138.62359005858696
2017-07-06,31576.20034842,55,-118.039990058,2017-07,347,0.10553571477380952,142.6836941172619
2017-07-07,35526.95027917,55,6062.040008271,2017-07,401,0.09812154731491712,142.6410530724862
2017-07-08,25866.1702843,55,1621.730064153,2017-07,300,0.09986486533783784,136.52790884472972
2017-07-09,28296.82045781,52,2967.860001862,2017-07,314,0.09980891764968153,144.05178716802547
2017-07-10,25344.01025414,48,2310.780009316,2017-07,259,0.11650000065714285,152.90971813728572
2017-07-11,34319.810409749996,58,5308.389972828,2017-07,392,0.09631313177272728,136.0181852820707
2017-07-12,29559.39032387,54,2855.0100792360004,2017-07,314,0.09043750050625,145.76369111975
2017-07-13,30577.03024671,58,2061.42005693,2017-07,364,0.1108333339107143,131.8453007460119
2017-07-14,27752.4904105,49,2856.309935926,2017-07,303,0.10360544252380953,143.34129606312925
2017-07-15,32903.14022468,57,3780.0399709910002,2017-07,393,0.10122807074269005,133.88883343456138
2017-07-16,28637.74027649,56,3862.6299772009997,2017-07,314,0.08868421093421053,140.4682270645395
2017-07-17,30484.28029674,55,2092.92993788,2017-07,359,0.10814371305988026,132.9410810227545
2017-07-18,32141.40036965,63,3557.9500194409998,2017-07,350,0.09710227342045454,142.47233319732956
2017-07-19,29951.79023945,55,4665.409983463,2017-07,347,0.10846625803067485,138.24656780625767
2017-07-20,32937.28041488,56,4195.280045704,2017-07,351,0.09388571480571428,151.35291811765714
2017-07-21,31130.88025698,58,1659.710006408,2017-07,354,0.10670520283236995,136.52693961618496
2017-07-22,36500.99039071,62,3759.020066336,2017-07,422,0.10158974410769231,130.46538751379487
2017-07-23,34195.32035838,55,5447.800014146,2017-07,371,0.10791907566473989,155.37468589890173
2017-07-24,30632.570347,58,3100.889984972,2017-07,333,0.09831325355421687,143.65717231084335
2017-07-25,30993.200279829998,59,2276.729962897,2017-07,353,0.10508771983040935,136.1170791987719
2017-07-26,27876.43034207,53,2865.580001446,2017-07,322,0.08867549681456954,129.04808241801322
2017-07-27,26084.87019933,54,2407.88998581,2017-07,315,0.11368794390070923,134.83262726638299
2017-07-28,33420.25042716,60,5392.779888468,2017-07,379,0.1082608700380435,142.2056556203261
2017-07-29,31783.74036066,53,5493.850002881,2017-07,321,0.10240506386708861,157.64607961151899
2017-07-30,28304.9402089,55,4546.8800912550005,2017-07,307,0.10346666730666666,144.55540357386667
2017-07-31,31067.26035324,55,3528.849977818,2017-07,337,0.08993902485365854,147.47049169292683
2017-08-01,33711.0802691,56,3482.779988081,2017-08,370,0.09789772763068182,141.10824197397727
2017-08-02,29135.62026185,57,2079.539958789,2017-08,323,0.10824242490909092,139.34545813345454
2017-08-03,28930.0103683,59,3006.149979579,2017-08,347,0.10660714336904761,133.31583672863093
2017-08-04,34481.97031413,60,4387.730002737,2017-08,400,0.09521978075274724,139.10297023175823
2017-08-05,32587.62034618,60,4408.730027479,2017-08,374,0.10384615437912087,129.19280515747252
2017-08-06,28099.35023886,58,4917.349996269,2017-08,326,0.10959183707482993,141.1721122679592
2017-08-07,27361.0903133,53,5935.550002331,2017-08,309,0.1036912759328859,139.39839262375838
2017-08-08,32202.29042068,55,5303.620028609,2017-08,328,0.09371951248780487,159.19585777390245
2017-08-09,30323.53034231,57,4113.320012113,2017-08,358,0.09970414243786982,137.1953881433136
2017-08-10,35745.9403806,56,2233.0701036799996,2017-08,404,0.10385057514942528,144.73029084482758
2017-08-11,33847.92047118,56,2554.470034822,2017-08,357,0.10224043774316939,153.17934847672132
2017-08-12,28917.34034364,54,2907.940037836,2017-08,321,0.10611842151973686,138.69927958802631
2017-08-13,32076.33023872,48,4749.750011923,2017-08,337,0.09514450919075146,141.27127490104047
2017-08-14,32824.24031835,53,6061.290004771,2017-08,355,0.10148148200617285,151.96957164814813
2017-08-15,29058.04032141,57,3888.0300055919997,2017-08,344,0.10300613556441718,136.5407394025767
2017-08-16,28443.14030831,55,3623.21997324,2017-08,332,0.1076543216419753,132.1061758385185
2017-08-17,36524.76057867,55,1955.08994595,2017-08,345,0.09833333377222221,166.17656004755557
2017-08-18,30697.19032289,55,4221.6599974109995,2017-08,338,0.0938922160239521,140.56892537023953
2017-08-19,27546.15031472,46,2375.710009102,2017-08,304,0.1075862074275862,146.62234850110343
2017-08-20,31930.08022685,52,3035.509979771,2017-08,353,0.10139534944186046,140.49372413877907
2017-08-21,37266.57050715,58,4491.90000321,2017-08,409,0.10994818719689119,149.14912298378238
2017-08-22,33025.33038367,61,5574.610037133,2017-08,348,0.10207865206179775,151.32534087567416
2017-08-23,33929.510542179996,59,6828.720015072,2017-08,358,0.09494623689247313,142.46091732419353
2017-08-24,34585.8802852,55,5338.650051243,2017-08,383,0.0935555561,141.72694780955555
2017-08-25,26695.26029995,53,2930.399949096,2017-08,291,0.11362963036296297,154.9441520737037
2017-08-26,37349.73040084,60,5538.060067582,2017-08,426,0.10794871836923077,140.72082373164102
2017-08-27,29923.3702662,56,3107.279965062,2017-08,324,0.09514970102994012,140.37185964041916
2017-08-28,29848.31035264,58,6059.039981476,2017-08,341,0.09229813718012422,136.61584146105588
2017-08-29,29969.02022914,62,6402.530034671,2017-08,375,0.1032278485886076,121.92557192708861
2017-08-30,34828.290451759996,60,3347.889994266,2017-08,385,0.1088826820111732,142.71464033888267
2017-08-31,29784.50013412,54,4815.120008004,2017-08,372,0.10913580291358024,125.37802746049384
2017-09-01,33323.69039539,56,5022.560024446,2017-09,387,0.09325581431976744,139.31994536174417
2017-09-02,30343.64028946,58,4907.740021811,2017-09,364,0.09218934955029587,130.32521037224853
2017-09-03,32911.99041711,55,4832.759945183,2017-09,379,0.11861111202777778,142.004281451
2017-09-04,27546.2302364,50,1982.609958361,2017-09,283,0.0919310343724138,149.95310708855172
2017-09-05,34723.09032457,63,2701.140030611,2017-09,372,0.09926966347752808,143.93168852617976
2017-09-06,30511.34037399,54,3624.539997082,2017-09,332,0.1040880508490566,147.64843150691823
2017-09-07,27631.34028659,57,3295.539997556,2017-09,293,0.1013986018111888,144.3172760046853
2017-09-08,29197.84036633,54,3042.980005082,2017-09,353,0.10388888931481481,128.6622251375926
2017-09-09,30963.66027498,56,5245.939991731,2017-09,344,0.09970238145833334,141.61297971113095
2017-09-10,33320.41035275,58,3303.52007336,2017-09,360,0.09691428606857143,147.00571784354284
2017-09-11,38623.45036483,61,6194.050062218,2017-09,387,0.10747368499473683,166.8830024323158
2017-09-12,38266.62023163,57,3468.340002083,2017-09,358,0.09810526355789474,170.51447657673685
2017-09-13,33213.59032772,56,3496.209984572,2017-09,312,0.10335294160588235,167.34153233811764
2017-09-14,32282.72029082,55,2543.71996715,2017-09,319,0.08839285772619047,159.6898241282143
2017-09-15,30864.42011215,55,487.47999788700014,2017-09,309,0.09388535061146497,163.42796342535033
2017-09-16,31326.5902288,56,7270.189971861,2017-09,307,0.12129411846470588,163.51747349152942
2017-09-17,34325.47034823,59,4518.589988469,2017-09,344,0.09807909638983052,159.8189295340113
2017-09-18,31175.71026586,54,3242.359963805,2017-09,300,0.10910256467948717,171.97506687076924
2017-09-19,31554.41019819,54,4876.790023978,2017-09,319,0.10243902509756098,156.57341708292682
2017-09-20,34483.63019893,57,3996.219978279,2017-09,369,0.10346153895604394,154.21928780934067
2017-09-21,36669.54036734,58,5161.509977115,2017-09,366,0.1062711869717514,167.38977678079095
2017-09-22,32812.53018548,52,3241.850106282,2017-09,312,0.08973856234640523,176.78497022862743
2017-09-23,34827.52028813,56,4431.490067635,2017-09,348,0.09103030361212121,160.5335781681212
2017-09-24,35506.76027847,57,4467.23993675,2017-09,364,0.11039548090960451,166.37220632847456
2017-09-25,36038.17028435,58,2352.769981909,2017-09,330,0.10625000055113637,176.23767308818182
2017-09-26,35095.88034015,57,4789.920091896,2017-09,370,0.10375000030434783,152.92348071902174
2017-09-27,28064.61022911,44,3414.190062803,2017-09,270,0.08441860482170543,169.6001573607752
2017-09-28,35396.39025471,56,5653.629963704,2017-09,338,0.10361445856626506,175.10831566349398
2017-09-29,37348.8702273,57,4848.889938607,2017-09,321,0.11153409146022727,193.96619610352272
